fold,accuracy,kappa,log_loss,macro_f1,weighted_f1,macro_precision,macro_recall,n_vals,note
0,0.9672131147540983,0.7336244541484717,0.1284991920656006,0.577485380116959,0.971023871153293,0.5333333333333333,0.6551724137931035,61,
1,0.9523809523809523,0.7032967032967032,0.2245331206774374,0.5670619235836627,0.9582533408620365,0.5238095238095238,0.6497175141242938,63,
2,0.9666666666666667,0.7333333333333334,0.17946138164254571,0.5773809523809524,0.9705357142857143,0.5333333333333333,0.6549707602339181,60,
3,0.9836065573770492,0.7918088737201365,0.11638626696930526,0.5971509971509972,0.9851758441922377,0.5555555555555555,0.6610169491525424,61,
4,0.9302325581395349,0.6906474820143884,0.21314531568312436,0.5624242424242424,0.9383509513742071,0.5238095238095238,0.6410256410256411,43,
