fold,accuracy,kappa,log_loss,macro_f1,weighted_f1,macro_precision,macro_recall,n_vals,note
0,0.9302325581395349,0.8716417910447761,0.24303129899396556,0.943355119825708,0.9320565435476517,0.9333333333333332,0.9629629629629629,43,
1,0.9565217391304348,0.9180035650623886,0.23888153219054026,0.9642857142857143,0.9572981366459627,0.9555555555555556,0.9770114942528735,46,
2,0.9069767441860465,0.8237704918032787,0.244016719655615,0.9267399267399267,0.9100434449271658,0.9166666666666666,0.9523809523809524,43,
3,0.9285714285714286,0.8688865764828304,0.2661577144994963,0.9369138959931799,0.9311289733284618,0.923076923076923,0.9629629629629629,42,
4,0.9565217391304348,0.9180035650623886,0.20352619918539847,0.9642857142857143,0.9572981366459627,0.9555555555555556,0.9770114942528735,46,
