fold,pearson,pearson_p_val,spearman,kendall,rmse,n_vals
0,0.7841661371867035,4.66636408388851e-105,0.7069274748249037,0.5705655302512597,0.05081432941839999,499
1,0.7770642659950695,5.450020952624795e-102,0.6857064404420964,0.5451200452958536,0.05463136817379021,499
2,0.7759787513854925,1.5677422323914062e-101,0.6789110806603097,0.5372222829164525,0.05308693814890758,499
3,0.7751366070807374,2.2368574927836837e-101,0.6765682362055073,0.5356580170974239,0.0567039834396888,500
4,0.7775073593548253,2.2206181889752097e-102,0.6793605178229793,0.5416454377910158,0.056141107799289554,500
