fold,pearson,pearson_p_val,spearman,kendall,rmse,n_vals
0,0.9834785426292758,1.6490276717171206e-248,0.8878377434076616,0.7760470213032159,0.025902736935764628,334
1,0.983478542629276,1.6490276717134407e-248,0.8878377434076616,0.7760470213032159,0.025902736935764628,334
2,0.9834785426292761,1.6490276717134407e-248,0.8878377434076616,0.7760470213032159,0.025902736935764625,334
3,0.9834785426292763,1.6490276717098217e-248,0.8878377434076616,0.7760470213032159,0.025902736935764625,334
