fold,pearson,r^2,pearson_p_val,spearman,kendall,rmse,n_vals,note
0,0.4602477649191346,0.211828005113059,0.01798574886211471,0.5030714768255562,0.38953670846202454,0.04162958637615531,26,
1,0.6612013643659918,0.437187244239449,9.793576838707465e-13,0.6456579767210842,0.4978601130591311,0.030902437334412523,91,
2,0.6182186080811469,0.38219424737779073,6.612854405231075e-11,0.6188657461058845,0.47350711283471997,0.032406850247985376,91,
3,0.6254724770875255,0.39121581959400514,2.541436010818783e-08,0.6264601300264975,0.4875741491531722,0.03208952999151477,65,
4,0.5345265893261607,0.28571867469665807,4.830801297904831e-08,0.5526917654473824,0.4396855861778521,0.04162367430137061,91,
