fold,pearson,r^2,pearson_p_val,spearman,kendall,rmse,n_vals,note
0,0.8078181620317156,0.6525701829082992,3.4159687200780576e-11,0.5363507920721374,0.4362790079020297,0.04969332743509487,44,
1,0.8084858700339804,0.6536494020446023,3.197456533086316e-11,0.5173890056004453,0.4260760027237199,0.045537245540220074,44,
2,0.7995124635942762,0.6392201794425888,7.613454770654544e-11,0.5211705546954659,0.42955417417452585,0.048658316654932865,44,
3,0.7394812327705159,0.5468324936198019,9.826416427081038e-09,0.5055783707216636,0.41129840520187044,0.05830702554490964,44,
4,0.5474028113708899,0.29964983789675403,0.00012032381830382086,0.4584321355553817,0.39689824836289717,0.06890756830048868,44,
