fold,accuracy,kappa,macro_f1,weighted_f1,macro_precision,macro_recall,roc_auc_macro,roc_auc_weighted,pr_auc_macro,pr_auc_weighted,log_loss,total_samples
0,0.9391891891891891,0.6691231266042892,0.7781977615651158,0.9476262968442469,0.6827956989247311,0.9691138365866299,0.9941370561389059,0.9935167147625904,0.8755486201578054,0.9868311152176423,0.14257319256838213,888
1,0.937984496124031,0.6836811289596156,0.7854883222349441,0.9463729966299885,0.6932482721956407,0.9699138308748356,0.9948231717318142,0.9953781813164295,0.9156266843853705,0.9908046656001117,0.14770627655508356,903
2,0.9459161147902869,0.7255003802704558,0.8161278804752747,0.952304049593497,0.7264652014652014,0.9804156674660272,0.9900211725761993,0.9904289377936993,0.7872447362705156,0.9767384241790489,0.1600284639080182,906
3,0.9464882943143813,0.7189409368635438,0.8145818186738903,0.952767736688564,0.7228017883755588,0.9806996381182147,0.9921674454908996,0.9931405774403824,0.8601050835047787,0.9842710835203101,0.1565353127631786,897
4,0.9312638580931264,0.6587440580435326,0.7755470538591019,0.9420143542672287,0.6852657004830918,0.9752495009980041,0.9939523377156406,0.994479035251199,0.8790159139386149,0.9874588660802306,0.1578582333196613,902
