fold,split_name,target,pearson,r^2,pearson_p_val,spearman,kendall,rmse,n_vals,note
1,Xue_CAD_LNP_Xue_CAD_LNP_nan_in_vitro,toxicity,0.9977224907036908,0.9954501684559763,1.080132223489148e-137,0.9511268302459494,0.8740179369549391,0.001956685629891365,118,
1,Lee_unsat_Lee_unsat_dendrimer_nan_in_vitro,toxicity,0.9607624120281564,0.9230644123661609,5.4054006041295e-34,0.9315611943736646,0.8157779727124201,0.011835308167467173,60,
1,Yu_Aminoglycoside_Siegwart_Amino_nan_in_vitro,toxicity,0.9999462037987867,0.9998924104916047,5.687498059689101e-85,0.7048608037355362,0.6091271959150919,0.0008338413551212674,44,
1,Zhang_Aminoglycoside_Zhang_Aminoglycoside_nan_in_vitro,toxicity,0.9999939178400722,0.999987835717137,6.7749828903345136e-68,0.972402438532038,0.9284766908852591,0.0009121044569040544,29,
1,Farbiak_dendrimer_HeLa_Farbiak_dendrimer_HeLa_nan_in_vitro,toxicity,0.998138330020295,0.9962801258557032,6.803809511495326e-43,0.9940648840821211,0.9638188372895805,0.009557427134168192,36,
1,Farbiak_dendrimer_igrov1_Farbiak_dendrimer_igrov1_nan_in_vitro,toxicity,0.9990159572439955,0.9980328828281366,1.3443904656934925e-47,0.9833257805432954,0.9345662529107215,0.009407267130038397,36,
