fold,split_name,target,pearson,r^2,pearson_p_val,spearman,kendall,rmse,n_vals,note
3,Xue_CAD_LNP_Xue_CAD_LNP_nan_in_vitro,toxicity,0.9985972778084616,0.9971965232464699,3.6123568201571496e-151,0.9292837037622468,0.8466169067838268,0.0016245504426123192,119,
3,Lee_unsat_Lee_unsat_dendrimer_nan_in_vitro,toxicity,0.9698890204308945,0.9406847119524001,2.83798150910506e-37,0.9412966137846661,0.8418914201032985,0.009857843817086107,60,
3,Yu_Aminoglycoside_Siegwart_Amino_nan_in_vitro,toxicity,0.9999505006986927,0.9999010038475663,9.902291909993004e-86,0.7048608037355362,0.6091271959150919,0.0007455380936872246,44,
3,Zhang_Aminoglycoside_Zhang_Aminoglycoside_nan_in_vitro,toxicity,0.9999961140674698,0.9999922281500401,1.60073310696635e-70,0.972402438532038,0.9284766908852591,0.0007510853852953091,29,
3,Farbiak_dendrimer_HeLa_Farbiak_dendrimer_HeLa_nan_in_vitro,toxicity,0.997486539076079,0.994979395637974,1.1140169758631672e-40,0.9930315526017862,0.9541322158092832,0.011091780921594718,36,
3,Farbiak_dendrimer_igrov1_Farbiak_dendrimer_igrov1_nan_in_vitro,toxicity,0.9986436703385773,0.997289180307305,3.13527127898688e-45,0.9835869213693592,0.9345662529107215,0.010863902457261865,36,
