fold,split_name,target,pearson,r^2,pearson_p_val,spearman,kendall,rmse,n_vals,note
3,Xue_CAD_LNP_Xue_CAD_LNP_nan_in_vitro,toxicity,0.9591589912215932,0.9199859704412243,7.386940222241135e-70,0.8985749306850342,0.7645350552337927,0.009865203457252343,126,
3,Lee_unsat_Lee_unsat_dendrimer_nan_in_vitro,toxicity,0.9460800408294412,0.8950674436558371,1.474095425070476e-31,0.8596897491930219,0.7126047720652539,0.015634585678789732,63,
3,Yu_Aminoglycoside_Siegwart_Amino_nan_in_vitro,toxicity,0.9637635283612107,0.9288401385992502,9.998709848057585e-26,0.6320974505073079,0.5330511848078449,0.02194743104350747,44,
3,Zhang_Aminoglycoside_Zhang_Aminoglycoside_nan_in_vitro,toxicity,0.9660885644182988,0.9333271142998095,2.0867577528836045e-17,0.9270624967510441,0.8117539068882552,0.06889211676791157,29,
3,Farbiak_dendrimer_HeLa_Farbiak_dendrimer_HeLa_nan_in_vitro,toxicity,0.9901893292002935,0.9804749076621271,1.1943515916113136e-30,0.9868315637197772,0.9218434775416255,0.022452551327941096,36,
3,Farbiak_dendrimer_igrov1_Farbiak_dendrimer_igrov1_nan_in_vitro,toxicity,0.9945525072728552,0.9891346897227226,5.597109990155116e-35,0.9752304149353171,0.9112852430517355,0.02740481245930678,36,
