fold,accuracy,kappa,log_loss,macro_f1,macro_precision,macro_recall,n_vals,note
0,0.8870967741935484,0.5353319057815846,0.32269771666143976,0.3807036833424959,0.3541666666666667,0.4692982456140351,62,
1,0.8524590163934426,0.46123650637880276,0.36570928299716593,0.35973428717424627,0.3392857142857143,0.4598214285714286,61,
2,0.9473684210526315,0.6415094339622641,0.177572115313088,0.4095238095238095,0.375,0.4861111111111111,57,
3,0.8412698412698413,0.4723618090452262,0.4344333615594697,0.3623251748251748,0.34375,0.45614035087719296,63,
4,0.8490566037735849,0.4854368932038834,0.27038918225524033,0.36616161616161613,0.34615384615384615,0.45833333333333337,53,
