fold,accuracy,kappa,log_loss,macro_f1,weighted_f1,macro_precision,macro_recall,n_vals,note
0,1.0,1.0,0.005511592758595489,0.3333333333333333,1.0,0.3333333333333333,0.3333333333333333,57,
1,1.0,1.0,0.00420945203257186,0.3333333333333333,1.0,0.3333333333333333,0.3333333333333333,63,
2,1.0,1.0,0.0066344456966193,0.3333333333333333,1.0,0.3333333333333333,0.3333333333333333,58,
3,1.0,1.0,0.004174703234654549,0.3333333333333333,1.0,0.3333333333333333,0.3333333333333333,62,
4,1.0,1.0,0.0036503139058962956,0.3333333333333333,1.0,0.3333333333333333,0.3333333333333333,60,
