fold,accuracy,kappa,log_loss,macro_f1,weighted_f1,macro_precision,macro_recall,n_vals,note
0,1.0,1.0,0.002568270266725073,0.3333333333333333,1.0,0.3333333333333333,0.3333333333333333,69,
1,1.0,1.0,0.002462681609887613,0.3333333333333333,1.0,0.3333333333333333,0.3333333333333333,58,
2,1.0,1.0,0.0035032253839014037,0.3333333333333333,1.0,0.3333333333333333,0.3333333333333333,61,
3,1.0,1.0,0.0019444593222198517,0.3333333333333333,1.0,0.3333333333333333,0.3333333333333333,69,
4,1.0,1.0,0.002017311995997774,0.3333333333333333,1.0,0.3333333333333333,0.3333333333333333,63,
