fold,split_name,target,pearson,r^2,pearson_p_val,spearman,kendall,rmse,n_vals,note
1,Han_amidine_Han_amidine_nan_in_vitro,toxicity,0.999000231263184,0.9980014620638952,2.12079268904242e-85,0.9811058686017673,0.9332914193201517,0.0018290438191374827,64,
1,Xue_CAD_LNP_Xue_CAD_LNP_nan_in_vitro,toxicity,0.9981774274944804,0.9963581767594986,7.387355756128983e-141,0.9336456797634146,0.8509849659622978,0.0017608753503530756,116,
1,Miller_Zwitter_Miller_ZAL_nan_in_vitro,toxicity,0.9999474831460377,0.9998949690500952,3.387868291853438e-83,0.8328745910788592,0.7384666188191188,0.0014049513852445624,43,
1,Lee_unsat_Lee_unsat_dendrimer_nan_in_vitro,toxicity,0.8720081799595815,0.7603982659164218,1.3780718574579175e-20,0.8636700984614556,0.7428661993712916,0.02005949420193054,63,
1,Han_branched_Han_branched_nan_in_vitro,toxicity,0.9650395225353205,0.9313012800551994,9.19581386991198e-21,0.942206712788069,0.8472649261042318,0.017114748427004868,35,
1,Yu_Aminoglycoside_Siegwart_Amino_nan_in_vitro,toxicity,0.9999131097663468,0.9998262270826064,1.340881921992216e-80,0.6994865175180524,0.6042404309873942,0.000907303189201285,44,
1,Zhang_Aminoglycoside_Zhang_Aminoglycoside_nan_in_vitro,toxicity,0.9999958099635567,0.9999916199446699,4.426622718446322e-70,0.972402438532038,0.9284766908852591,0.0007006358775849559,29,
