fold,split_name,target,pearson,r^2,pearson_p_val,spearman,kendall,rmse,n_vals,note
3,Han_amidine_Han_amidine_nan_in_vitro,toxicity,0.9993277513053604,0.9986559545290283,6.157912579627837e-98,0.9883685993219763,0.9483687255264653,0.0016690025657221067,69,
3,Xue_CAD_LNP_Xue_CAD_LNP_nan_in_vitro,toxicity,0.9974960655296206,0.994998400747073,1.5132595123949617e-129,0.9418001418082443,0.8637759177745846,0.002212319428219888,113,
3,Miller_Zwitter_Miller_ZAL_nan_in_vitro,toxicity,0.999959527841324,0.9999190573206437,1.827108227695964e-83,0.8313086104147268,0.7456269786311374,0.0013209521866983463,42,
3,Lee_unsat_Lee_unsat_dendrimer_nan_in_vitro,toxicity,0.9251243159600449,0.8558549999805409,4.5303424855726574e-26,0.8933658846041217,0.7855466724091006,0.015228511837168418,60,
3,Han_branched_Han_branched_nan_in_vitro,toxicity,0.9853881631880219,0.9709898321510637,2.836151614418621e-29,0.9728546642919974,0.8985750962323678,0.011371336238876914,38,
3,Yu_Aminoglycoside_Siegwart_Amino_nan_in_vitro,toxicity,0.9999026166955517,0.9998052428746114,1.4693708409386204e-79,0.7048608037355362,0.6091271959150919,0.0010025234433608788,44,
3,Zhang_Aminoglycoside_Zhang_Aminoglycoside_nan_in_vitro,toxicity,0.9999923397572131,0.9999846795731056,1.5254488553928122e-66,0.972402438532038,0.9284766908852591,0.0009172565755455782,29,
