fold,split_name,target,pearson,r^2,pearson_p_val,spearman,kendall,rmse,n_vals,note
4,Han_amidine_Han_amidine_nan_in_vitro,toxicity,0.9992425787580153,0.9984857312029684,5.807215181042063e-92,0.9824256927656958,0.9346981687325127,0.0019589675043358776,66,
4,Miller_Zwitter_Miller_ZAL_nan_in_vitro,toxicity,0.9999137529079076,0.9998275132543761,8.839514317263376e-79,0.859115326661234,0.7672600340552888,0.0014830912867823123,43,
4,Xue_CAD_LNP_Xue_CAD_LNP_nan_in_vitro,toxicity,0.9994031330813274,0.9988066224127735,6.104215082045686e-170,0.9445363035084505,0.8729808815360057,0.0011074630838493666,117,
4,Lee_unsat_Lee_unsat_dendrimer_nan_in_vitro,toxicity,0.8718239909039102,0.7600770711156213,2.2533335417024927e-18,0.853326798461172,0.7359737371590716,0.0203415838475815,56,
4,Han_branched_Han_branched_nan_in_vitro,toxicity,0.9781952267973781,0.9568659017291741,1.5131133323434952e-27,0.9622818540063803,0.8868894601542417,0.014148174507063963,40,
4,Yu_Aminoglycoside_Siegwart_Amino_nan_in_vitro,toxicity,0.9999237205588641,0.9998474469362815,8.701654006843323e-82,0.6976868094969937,0.6025041079098441,0.0008749133559707761,44,
4,Zhang_Aminoglycoside_Zhang_Aminoglycoside_nan_in_vitro,toxicity,0.9999921499856181,0.999984300032859,2.122628850802985e-66,0.972402438532038,0.9284766908852591,0.0008980059002829505,29,
