fold,split_name,target,pearson,r^2,pearson_p_val,spearman,kendall,rmse,n_vals,note
0,Xue_CAD_LNP_Xue_CAD_LNP_nan_in_vitro,toxicity,-0.08081481339266058,0.006531034063690553,0.37029205920400654,-0.11971961553819342,-0.0850462875126674,0.031003548419337043,125,
0,Aminoglycoside_Yu_Siegwart_Amino_nan_in_vitro,toxicity,0.12110527388690256,0.014666487363221684,0.516356651242951,-0.018445615272326337,-0.016866020575525453,0.07901952381996964,31,
