fold,split_name,target,pearson,r^2,pearson_p_val,spearman,kendall,rmse,n_vals,note
1,Xue_CAD_LNP_Xue_CAD_LNP_nan_in_vitro,toxicity,-0.04711568214120031,0.0022198875036306214,0.6018324542866449,-0.047216725925892836,-0.032288760004809326,0.03309529875807418,125,
1,Aminoglycoside_Yu_Siegwart_Amino_nan_in_vitro,toxicity,0.17121997884489318,0.029316281155645666,0.3570696667493805,0.08864907638341911,0.06409087818699671,0.07916898478786481,31,
