fold,split_name,target,pearson,r^2,pearson_p_val,spearman,kendall,rmse,n_vals,note
2,Xue_CAD_LNP_Xue_CAD_LNP_nan_in_vitro,toxicity,0.339591763060465,0.11532256553851501,0.00010688957366988665,0.28094628198750626,0.20382279753035884,0.02411756437069924,125,
2,Aminoglycoside_Yu_Siegwart_Amino_nan_in_vitro,toxicity,0.459059878559269,0.2107359721028508,0.001722305622044504,0.4655080712330009,0.37311210006195084,0.06148628717913523,44,
