fold,split_name,target,pearson,r^2,pearson_p_val,spearman,kendall,rmse,n_vals,note
4,Xue_CAD_LNP_Xue_CAD_LNP_nan_in_vitro,toxicity,0.3375936185448565,0.11396945128221006,0.00011804237970245542,0.27914932842955725,0.20093987252992943,0.02400718531383905,125,
4,Aminoglycoside_Yu_Siegwart_Amino_nan_in_vitro,toxicity,0.44685321283216395,0.1996777938184272,0.0023594824201420336,0.4449121385281044,0.3557580488962787,0.06080195829295108,44,
