fold,split_name,target,pearson,r^2,pearson_p_val,spearman,kendall,rmse,n_vals,note
0,Xue_CAD_LNP_Xue_CAD_LNP_nan_in_vitro,toxicity,0.4668071446078479,0.2179089102569322,3.593898592426248e-08,0.44299523597130386,0.3200150533155386,0.023802547405540674,126,
0,Aminoglycoside_Yu_Siegwart_Amino_nan_in_vitro,toxicity,0.6179934682175239,0.3819159267595237,0.0002736152124835082,0.600423459875674,0.4968233549483025,0.06576704117003697,30,
