fold,accuracy,kappa,log_loss,macro_f1,weighted_f1,macro_precision,macro_recall,n_vals,note
0,0.7857142857142857,0.5144508670520231,0.6460000362439869,0.5611111111111111,0.8160714285714284,0.5760233918128655,0.5476190476190476,28,
1,0.8571428571428571,0.6056338028169014,0.5707426732919391,0.5993265993265994,0.9062049062049061,0.6,0.6111111111111112,28,
2,0.8888888888888888,0.6521739130434783,0.6572826608648412,0.5667550839964633,0.8737105806071322,0.5777777777777778,0.5595238095238095,36,
3,0.8214285714285714,0.5254237288135593,0.6875781110179935,0.5612403100775194,0.8372093023255813,0.5682539682539683,0.5545454545454546,28,
4,0.7916666666666666,0.5904436860068258,0.6683259961107703,0.587262200165426,0.8248552522746072,0.5952380952380952,0.5882352941176471,24,
