fold,accuracy,kappa,log_loss,macro_f1,weighted_f1,macro_precision,macro_recall,n_vals,note
0,1.0,1.0,0.01044784342783612,0.3333333333333333,1.0,0.3333333333333333,0.3333333333333333,60,
1,1.0,1.0,0.0072760139457926495,0.3333333333333333,1.0,0.3333333333333333,0.3333333333333333,73,
2,1.0,1.0,0.07657606045262334,0.3333333333333333,1.0,0.3333333333333333,0.3333333333333333,90,
3,1.0,1.0,0.008823224874754242,0.3333333333333333,1.0,0.3333333333333333,0.3333333333333333,65,
4,1.0,1.0,0.01012596913017019,0.3333333333333333,1.0,0.3333333333333333,0.3333333333333333,72,
