fold,accuracy,kappa,log_loss,macro_f1,weighted_f1,macro_precision,macro_recall,n_vals,note
0,1.0,1.0,0.0051736180915347724,0.3333333333333333,1.0,0.3333333333333333,0.3333333333333333,79,
1,1.0,1.0,0.005062975882026036,0.3333333333333333,1.0,0.3333333333333333,0.3333333333333333,64,
2,1.0,1.0,0.06285689876937109,0.3333333333333333,1.0,0.3333333333333333,0.3333333333333333,83,
3,1.0,1.0,0.005576090026933085,0.3333333333333333,1.0,0.3333333333333333,0.3333333333333333,80,
4,1.0,1.0,0.004772242999422678,0.3333333333333333,1.0,0.3333333333333333,0.3333333333333333,78,
