fold,accuracy,kappa,log_loss,macro_f1,weighted_f1,macro_precision,macro_recall,n_vals,note
0,0.6923076923076923,0.43707713125845726,0.7993273735328924,0.4612345679012346,0.6886609686609687,0.5142857142857142,0.5050505050505051,52,
1,0.75,0.5453934095494284,0.754384486243499,0.8300653594771242,0.75,0.8645833333333334,0.8645833333333334,52,
2,0.5714285714285714,0.269694819020582,1.0800598331489508,0.3829059829059829,0.5492412349555207,0.45584045584045585,0.4583333333333333,49,
3,0.8431372549019608,0.7030567685589519,0.6891890330440638,0.8926462694578636,0.8451580310062834,0.9012345679012346,0.913978494623656,51,
4,0.75,0.5453934095494284,0.779950221287695,0.8300653594771242,0.75,0.8645833333333334,0.8645833333333334,52,
