fold,accuracy,kappa,log_loss,macro_f1,weighted_f1,macro_precision,macro_recall,n_vals,note
0,1.0,1.0,0.0024503306949291725,0.3333333333333333,1.0,0.3333333333333333,0.3333333333333333,62,
1,1.0,1.0,0.003404226351271584,0.3333333333333333,1.0,0.3333333333333333,0.3333333333333333,66,
2,1.0,1.0,0.06291095174698504,0.3333333333333333,1.0,0.3333333333333333,0.3333333333333333,66,
3,1.0,1.0,0.0030423547504872944,0.3333333333333333,1.0,0.3333333333333333,0.3333333333333333,67,
4,1.0,1.0,0.002703141629151688,0.3333333333333333,1.0,0.3333333333333333,0.3333333333333333,67,
