fold,note,pearson,r2,pearson_p_val,spearman,kendall,mse,mae,n_vals
0,,0.434426,-0.07295,0.000822,0.442454,0.314556,0.001017,0.025415,56.0
1,,0.513961,0.069112,3.1e-05,0.525737,0.373132,0.000769,0.022059,59.0
2,,0.426078,-0.088437,0.000688,0.416786,0.283448,0.001042,0.02588,60.0
3,,0.489961,-0.013228,0.000127,0.456408,0.283295,0.000977,0.025287,56.0
4,,0.384711,-0.158475,0.003129,0.324959,0.229634,0.001165,0.028026,57.0
Mean,,0.44982740000000004,-0.0527956,0.0009594,0.4332688,0.29681300000000005,0.0009939999999999999,0.0253334,57.6
