fold,note,pearson,r2,pearson_p_val,spearman,kendall,mse,mae,n_vals
0,,0.661366,0.280947,0.0,0.568104,0.439854,0.001151,0.027414,56.0
1,,0.43064,-0.003338,0.000923,0.436435,0.323315,0.001228,0.028593,56.0
2,,0.344352,-0.280254,0.01078,0.29654,0.231393,0.001964,0.034563,54.0
3,,0.525574,0.033116,4.5e-05,0.458966,0.349003,0.001603,0.031364,54.0
4,,0.494019,-0.009504,6e-05,0.436364,0.351568,0.001716,0.031799,60.0
Mean,,0.49119019999999997,0.004193399999999998,0.0023615999999999997,0.4392818,0.33902659999999996,0.0015324000000000002,0.030746600000000002,56.0
