fold,note,pearson,r2,pearson_p_val,spearman,kendall,mse,mae,n_vals
0,,0.788481,0.483944,0.0,0.303742,0.242997,0.001893,0.029041,31.0
1,,0.881261,0.70532,0.0,0.517395,0.420635,0.001738,0.032403,28.0
2,,0.848265,0.584214,0.0,0.66313,0.572501,0.002916,0.038165,25.0
3,,0.86125,0.640399,0.0,0.588378,0.482112,0.002224,0.031017,29.0
4,,0.799099,0.46837,1e-06,0.53626,0.441695,0.002065,0.032783,27.0
Mean,,0.8356712,0.5764494,2e-07,0.521781,0.43198800000000004,0.0021671999999999998,0.0326818,28.0
