fold,split_name,target,pearson,r^2,pearson_p_val,spearman,kendall,rmse,n_vals,note
4,Xue_CAD_LNP_Xue_CAD_LNP_nan_in_vitro,toxicity,0.9986170159128297,0.9972359444706448,2.2638187972821624e-155,0.9553170028398099,0.8859864015773594,0.0015789122401700315,122,
4,Lee_unsat_Lee_unsat_dendrimer_nan_in_vitro,toxicity,0.9546556932347914,0.9113674926256001,1.2823556593396599e-30,0.9341633168005027,0.8183607438761391,0.011471859063917119,57,
4,Yu_Aminoglycoside_Siegwart_Amino_nan_in_vitro,toxicity,0.9999194334466496,0.9998388733842687,2.7433231426377904e-81,0.7012615145249718,0.6056563856819575,0.0009262049728237129,44,
4,Zhang_Aminoglycoside_Zhang_Aminoglycoside_nan_in_vitro,toxicity,0.9999953840059528,0.999990768033213,1.6357309431968034e-69,0.972402438532038,0.9284766908852591,0.0008093196423665748,29,
4,Farbiak_dendrimer_HeLa_Farbiak_dendrimer_HeLa_nan_in_vitro,toxicity,0.9974582683367185,0.994922997073285,1.3470306590195217e-40,0.9940648840821211,0.9638188372895805,0.011182564124569203,36,
4,Farbiak_dendrimer_igrov1_Farbiak_dendrimer_igrov1_nan_in_vitro,toxicity,0.9987611617852566,0.9975238582906356,6.725112615027516e-46,0.9833257805432954,0.9345662529107215,0.010585117891146148,36,
