fold,accuracy,kappa,macro_f1,weighted_f1,macro_precision,macro_recall,roc_auc_macro,roc_auc_weighted,pr_auc_macro,pr_auc_weighted,log_loss,total_samples
0,0.9042145593869731,0.6736643368884332,0.7831773856528134,0.9158161554694448,0.6993506493506493,0.9549689440993788,0.9931037555196802,0.9931310872483436,0.9344173159130621,0.9882802036665536,0.19624831269227525,522
1,0.9162011173184358,0.7190148951756374,0.8097401668417964,0.9255378177044099,0.731638418079096,0.9607244607244607,0.991056218627972,0.9926397789397687,0.9050836552658942,0.983120422865834,0.20952636781949,537
2,0.9277777777777778,0.7573257435211966,0.8385694589161483,0.9345787184677652,0.7621686223381139,0.9722222222222222,0.9885970576825999,0.9904827738203277,0.860885033332459,0.9752494272283312,0.2086024887724862,540
3,0.9037735849056604,0.6847739888977002,0.790814339965571,0.9147642951823297,0.7084795321637426,0.9552309499450571,0.9900059845575754,0.9912197385421613,0.9027113235059021,0.9819090755864522,0.21711758685947613,530
4,0.902803738317757,0.6761576606989035,0.7820049256219468,0.9149848731574721,0.7031746031746032,0.9469195376500954,0.9888561865050381,0.9900519261825851,0.8707532722537067,0.9774208688455287,0.21590018524334553,535
