,Li_pulmonary,Liu_iphos,Lee_unsat,AGILE,Whitehead_siRNA,Zhou_dendrimer
0,,0.010657801930720414,0.18618239958702767,5.232259318250213e-10,5.455909177386327e-39,3.3351473464062105e-12
1,,0.0810758108255532,0.06601899359471912,0.05183702361606429,1.0663805704676899e-24,2.658601077353513e-07
2,,0.058956478046564495,0.08787892515858647,4.349246860711773e-06,2.967574021930376e-32,4.133132693828971e-11
3,,0.20271984288715478,0.22387170429516465,9.159012311524462e-06,3.8971514677293925e-23,2.113192330539783e-06
4,,0.038301966252129685,0.14453021555080084,1.0359706803501489e-14,1.4826537707262652e-29,9.147025496472878e-15
