fold,split_name,target,pearson,r^2,pearson_p_val,spearman,kendall,rmse,n_vals,note
2,Xue_CAD_LNP_Xue_CAD_LNP_nan_in_vitro,toxicity,0.998271120045892,0.9965452291176797,2.273496778057863e-127,0.9496755826672992,0.8792879185876477,0.0018671088651902124,104,
2,Han_amidine_Han_amidine_nan_in_vitro,toxicity,0.999106853992454,0.9982145056946988,3.6659334309148965e-84,0.9928986604854014,0.9600700661897831,0.0022204670595017384,62,
2,Miller_Zwitter_Miller_ZAL_nan_in_vitro,toxicity,0.9999584306911248,0.999916863110257,1.5092188160696733e-97,0.8822207823585391,0.8002729203140339,0.0009219593357848496,49,
2,Lee_unsat_Lee_unsat_dendrimer_nan_in_vitro,toxicity,0.9669160239048336,0.9349265972839327,2.7770812337364295e-40,0.9213660451681766,0.8153831162244146,0.010690131317539988,67,
2,Yu_Aminoglycoside_Siegwart_Amino_nan_in_vitro,toxicity,0.9999291646482674,0.9998583343141819,1.8378834926762118e-82,0.7048608037355362,0.6091271959150919,0.0008965490487008662,44,
2,Zhang_Aminoglycoside_Zhang_Aminoglycoside_nan_in_vitro,toxicity,0.9999888734589053,0.9999777470416106,2.3549248630775583e-64,0.972402438532038,0.9284766908852591,0.0010132958121891165,29,
2,Han_branched_Han_branched_nan_in_vitro,toxicity,0.9719798985788037,0.9447449232412616,1.968586550889855e-39,0.9458863888880199,0.8282476519031975,0.015994066945202712,62,
