fold,pearson,r2,pearson_p_val,spearman,kendall,mse,mae,n_vals
0,0.883701,0.752946,0.0,0.881239,0.69948,0.24486,0.389698,2309
1,0.873934,0.737193,0.0,0.869263,0.68723,0.266157,0.405467,2309
2,0.876164,0.740119,0.0,0.873648,0.691022,0.261089,0.399583,2310
3,0.88232,0.750248,0.0,0.882259,0.700516,0.244949,0.388644,2310
4,0.872333,0.731172,0.0,0.869277,0.68617,0.264638,0.406329,2310
