fold,pearson,pearson_p_val,spearman,mse,mae,n_vals
0,0.98192,0.0,0.975897,0.000764,0.016898,33.0
1,0.982313,0.0,0.967938,0.000644,0.01658,42.0
2,0.989598,0.0,0.977598,0.000479,0.015369,34.0
3,0.980635,0.0,0.978164,0.00077,0.017032,37.0
4,0.975889,0.0,0.968826,0.00081,0.018862,34.0
Mean,0.982071,0.0,0.973685,0.000693,0.016948,36.0
