fold,split_name,target,pearson,r^2,pearson_p_val,spearman,kendall,rmse,n_vals,note
1,Xue_CAD_LNP_Xue_CAD_LNP_nan_in_vitro,toxicity,0.5224635949372047,0.27296820803470756,3.498341699908019e-10,0.4743284383357911,0.34953776493559696,0.024741140507112735,126,
1,Aminoglycoside_Yu_Siegwart_Amino_nan_in_vitro,toxicity,0.5932426409943261,0.3519368310939229,0.000549892317006632,0.5755606131316552,0.47668186758553344,0.0666025305680731,30,
