fold,split_name,target,pearson,r^2,pearson_p_val,spearman,kendall,rmse,n_vals,note
2,Miller_Zwitter_Miller_ZAL_nan_in_vitro,toxicity,0.9999019350688227,0.9998038797543762,6.255437755287632e-87,0.8439597642828595,0.7510340538530371,0.0015250663579077356,48,
2,Lee_unsat_Lee_unsat_dendrimer_nan_in_vitro,toxicity,0.9279116316784353,0.8610199962041362,7.923708996406103e-28,0.9083298318961126,0.7968464211235268,0.014492642878732831,63,
2,Xue_CAD_LNP_Xue_CAD_LNP_nan_in_vitro,toxicity,0.9981453254459433,0.996294090709588,5.435777384671998e-138,0.9593817367994963,0.8904464358086145,0.0018438698585692623,114,
2,Yu_Aminoglycoside_Siegwart_Amino_nan_in_vitro,toxicity,0.9998911411669541,0.9997822941841538,1.5242154385124295e-78,0.7047105074479703,0.606297631373142,0.0010393801261246677,44,
2,Zhang_Aminoglycoside_Zhang_Aminoglycoside_nan_in_vitro,toxicity,0.9999886253254183,0.9999772507802198,3.1716867536406934e-64,0.972402438532038,0.9284766908852591,0.001186989545148709,29,
