fold,pearson,pearson_p_val,spearman,kendall,rmse,n_vals
0,0.5153891698308765,1.5433768047616855e-05,0.48818566207471836,0.3723023093894953,0.03522589439898686,63
1,0.6166359939955728,7.407603982553302e-08,0.6246355506356184,0.47475990493348447,0.03495772518644473,63
2,0.6315973608185722,2.8493665529977152e-08,0.6680326933734658,0.5093095592448297,0.034660054348236734,63
