fold,split_name,target,pearson,r^2,pearson_p_val,spearman,kendall,rmse,n_vals,note
0,Miller_Zwitter_Miller_ZAL_nan_in_vitro,toxicity,0.999734154628836,0.9994683799314333,2.506470352089311e-75,0.8859806521274223,0.8014384517419024,0.0014615438855304828,47,
0,Xue_CAD_LNP_Xue_CAD_LNP_nan_in_vitro,toxicity,0.9977407150431884,0.9954865344548929,1.1323937717488719e-129,0.9540788445047753,0.8770485322351322,0.0021643387761037854,111,
0,Lee_unsat_Lee_unsat_dendrimer_nan_in_vitro,toxicity,0.8847232017715603,0.782735143752921,6.728094248595749e-24,0.8446633501269153,0.7311956618025146,0.018999389047488945,69,
0,Han_amidine_Han_amidine_nan_in_vitro,toxicity,0.9987503886149401,0.9975023387584939,4.293326444740083e-81,0.978628186645666,0.9255850605786553,0.0025404238412960554,63,
0,Yu_Aminoglycoside_Siegwart_Amino_nan_in_vitro,toxicity,0.9999540846227394,0.9999081713537006,2.0431085186699156e-86,0.6976622253144072,0.6021855754488229,0.0006817099035016507,44,
0,Zhang_Aminoglycoside_Zhang_Aminoglycoside_nan_in_vitro,toxicity,0.9999900097170423,0.9999800195338904,5.500696693758623e-65,0.972402438532038,0.9284766908852591,0.0010631142403175337,29,
