fold,split_name,target,pearson,r^2,pearson_p_val,spearman,kendall,rmse,n_vals,note
1,Miller_Zwitter_Miller_ZAL_nan_in_vitro,toxicity,0.9999306231429169,0.9998612510989822,1.8754911654967914e-88,0.8746865891341353,0.7882269871456737,0.001314412062616452,47,
1,Xue_CAD_LNP_Xue_CAD_LNP_nan_in_vitro,toxicity,0.9990583626205416,0.9981176119220376,9.764781388228432e-152,0.9582830192646522,0.88908022373531,0.0012712234078793932,112,
1,Han_amidine_Han_amidine_nan_in_vitro,toxicity,0.9987269618454685,0.9974555443170798,3.78417007348516e-82,0.9861263766064468,0.9365726706171491,0.0026118537851025792,64,
1,Lee_unsat_Lee_unsat_dendrimer_nan_in_vitro,toxicity,0.9252713268305385,0.8561270282547452,4.5791582574140296e-29,0.880430044942266,0.7664882936964983,0.015948374298406197,67,
1,Yu_Aminoglycoside_Siegwart_Amino_nan_in_vitro,toxicity,0.9999157786642926,0.9998315644218185,6.964275691035364e-81,0.7046608432238382,0.6056563856819575,0.0009321922100897229,44,
1,Zhang_Aminoglycoside_Zhang_Aminoglycoside_nan_in_vitro,toxicity,0.9999834947366696,0.9999669897457629,4.830635400801563e-62,0.972402438532038,0.9284766908852591,0.001317591648919874,29,
