fold,split_name,target,pearson,r^2,pearson_p_val,spearman,kendall,rmse,n_vals,note
2,Miller_Zwitter_Miller_ZAL_nan_in_vitro,toxicity,0.9999214897222473,0.9998429856083583,1.9742951730198178e-83,0.9028618148149884,0.8251941058417231,0.001388136668533313,45,
2,Xue_CAD_LNP_Xue_CAD_LNP_nan_in_vitro,toxicity,0.9984091247769199,0.9968207804378152,1.0162257601509945e-141,0.946416859898066,0.8690878169266655,0.0017823872971029792,114,
2,Han_amidine_Han_amidine_nan_in_vitro,toxicity,0.9988390637941441,0.9976794753611623,2.376038493229451e-87,0.9878350571898116,0.9441907528453729,0.00226747541333048,67,
2,Lee_unsat_Lee_unsat_dendrimer_nan_in_vitro,toxicity,0.9475492576910993,0.8978495957509534,2.056199864501279e-32,0.9022279471500448,0.8105796190935692,0.013151683804574961,64,
2,Yu_Aminoglycoside_Siegwart_Amino_nan_in_vitro,toxicity,0.9999283184591752,0.9998566420565936,2.3583990632848804e-82,0.7046608432238382,0.6056563856819575,0.0008381443677040174,44,
2,Zhang_Aminoglycoside_Zhang_Aminoglycoside_nan_in_vitro,toxicity,0.9999818001267596,0.9999636005847546,1.8072561144780156e-61,0.972402438532038,0.9284766908852591,0.0013677992563421563,29,
