fold,split_name,target,pearson,r^2,pearson_p_val,spearman,kendall,rmse,n_vals,note
3,Xue_CAD_LNP_Xue_CAD_LNP_nan_in_vitro,toxicity,0.9983242338991793,0.9966512759903834,3.2345969572565555e-139,0.9356784150267017,0.8545067800056414,0.001751520255764257,113,
3,Han_amidine_Han_amidine_nan_in_vitro,toxicity,0.999033073645891,0.9980670822383563,6.253964533157747e-90,0.9849718915423479,0.938891002126238,0.0021615909759000605,67,
3,Lee_unsat_Lee_unsat_dendrimer_nan_in_vitro,toxicity,0.905914248462985,0.8206806255682548,8.088704632693609e-25,0.8703985755641243,0.7514791221903638,0.016174660197392256,64,
3,Miller_Zwitter_Miller_ZAL_nan_in_vitro,toxicity,0.9999482219270023,0.9998964465349734,2.5950580980005663e-91,0.9022433744386025,0.8309355845561114,0.0012680418505504867,47,
3,Yu_Aminoglycoside_Siegwart_Amino_nan_in_vitro,toxicity,0.9999425129443812,0.999885029193524,2.291361120011833e-84,0.7048608037355362,0.6091271959150919,0.0007913970738531979,44,
3,Zhang_Aminoglycoside_Zhang_Aminoglycoside_nan_in_vitro,toxicity,0.9999891023760874,0.999978204870933,1.7786674946396293e-64,0.972402438532038,0.9284766908852591,0.0010673955410801304,29,
