fold,split_name,target,pearson,r^2,pearson_p_val,spearman,kendall,rmse,n_vals,note
4,Miller_Zwitter_Miller_ZAL_nan_in_vitro,toxicity,0.9999320767138759,0.9998641580413244,1.0104646830513964e-86,0.8489215560893192,0.7603054094737219,0.0014004278775582117,46,
4,Xue_CAD_LNP_Xue_CAD_LNP_nan_in_vitro,toxicity,0.9980923363496315,0.9961883118798659,2.628744882191982e-137,0.952462136227704,0.8807855307823748,0.0019484124682859392,114,
4,Han_amidine_Han_amidine_nan_in_vitro,toxicity,0.9990747025500152,0.9981502612754013,1.4972376658226007e-90,0.9840302442675595,0.9343271375466458,0.0021272359845548538,67,
4,Lee_unsat_Lee_unsat_dendrimer_nan_in_vitro,toxicity,0.9055652235942713,0.8200483741833425,9.02454691948431e-25,0.9006731087825007,0.7834205757577507,0.016366133718282515,64,
4,Yu_Aminoglycoside_Siegwart_Amino_nan_in_vitro,toxicity,0.9999338956103475,0.9998677955904853,4.304500221343301e-83,0.7012615145249718,0.6056563856819575,0.0007953358218785274,44,
4,Zhang_Aminoglycoside_Zhang_Aminoglycoside_nan_in_vitro,toxicity,0.9999854021284651,0.9999708044700281,9.204806380287597e-63,0.972402438532038,0.9284766908852591,0.0012654996913105546,29,
