fold,pearson,r2,pearson_p_val,spearman,kendall,mse,mae,n_vals
0,0.7443345362271048,0.5207203232778589,1.9453131814744165e-152,0.6136993693293346,0.48337710631091835,0.005181218281928586,0.03745727905766393,859
1,0.7919241863704555,0.6056548258042609,8.744954897058574e-186,0.5996364936226413,0.46653512950708154,0.004986868727802752,0.03923838303713619,859
2,0.7758019506175381,0.5819889856210496,3.615911521975833e-172,0.6112040263628588,0.4804077404566026,0.004736594490356521,0.03623289610892018,852
3,0.6893936881005126,0.33647366469007955,1.0714052312217421e-122,0.4178053408445818,0.3353100543193985,0.008071952835611141,0.06505689859432211,863
4,0.8070147313450056,0.6172598597616441,3.6925052264861684e-199,0.6058624910550793,0.477622213526109,0.003938761173535277,0.03483694752954808,863
