fold,split_name,target,pearson,r^2,pearson_p_val,spearman,kendall,rmse,n_vals,note
3,Xue_CAD_LNP_Xue_CAD_LNP_nan_in_vitro,toxicity,0.39745650532236504,0.1579716736230672,4.4413617416988636e-06,0.3075366861595222,0.21477791253199058,0.023222337518948033,125,
3,Aminoglycoside_Yu_Siegwart_Amino_nan_in_vitro,toxicity,0.49766694302044157,0.24767238617531143,0.0005877317862659098,0.5304952375348588,0.4286450637921017,0.05999139155047421,44,
