fold,note,pearson,r2,pearson_p_val,spearman,kendall,mse,mae,n_vals
0,insufficient_data,0.709879,0.344335,0.032157,0.561829,0.412479,0.003837,0.048897,9.0
1,insufficient_data,0.760029,0.41671,0.017465,0.621417,0.471405,0.003414,0.045366,9.0
2,insufficient_data,0.998327,-0.29678,0.036832,0.866025,0.816497,0.00277,0.044464,3.0
3,insufficient_data,0.799333,0.609185,0.05636,0.753702,0.552052,0.001358,0.027615,6.0
4,insufficient_data,0.726994,0.370345,0.026478,0.561829,0.412479,0.003685,0.046285,9.0
Mean,,0.7989124,0.288759,0.0338584,0.6729604,0.5329824,0.0030128000000000004,0.0425254,7.2
