fold,accuracy,kappa,log_loss,macro_f1,macro_precision,macro_recall,n_vals,note
0,0.9166666666666666,0.7159763313609467,0.4535693000776373,0.6041666666666666,0.5416666666666666,0.7261904761904762,24,
1,1.0,1.0,0.39442693271441137,1.0,1.0,1.0,28,
2,0.92,0.7695852534562212,0.3314176286312675,0.8541666666666666,0.7916666666666666,0.9761904761904762,25,
3,0.9166666666666666,0.7209302325581395,0.5263624784718948,0.8625,0.8333333333333334,0.9761904761904762,24,
4,1.0,1.0,0.19768023233582055,0.75,0.75,0.75,27,
