fold,accuracy,kappa,log_loss,macro_f1,macro_precision,macro_recall,n_vals,note
0,0.9830508474576272,0.0,0.11368486775563373,0.24786324786324787,0.2457627118644068,0.25,59,
1,0.9545454545454546,0.547945205479452,0.33813898183065705,0.38685714285714284,0.4087301587301587,0.3709677419354839,66,
2,0.9230769230769231,0.5068285280728376,0.27176257722637664,0.3758594346829641,0.3528325123152709,0.42110655737704916,65,
3,0.95,0.0,0.29166938296064104,0.24358974358974358,0.2375,0.25,60,
4,0.9393939393939394,0.5686274509803921,0.28129476271723336,0.3918032786885246,0.37083333333333335,0.4254032258064516,66,
