fold,accuracy,kappa,log_loss,macro_f1,macro_precision,macro_recall,n_vals,note
0,0.7843137254901961,0.6701940035273368,0.8833695178470081,0.6847222222222222,0.6347826086956522,0.75,51,
1,0.6938775510204082,0.5714285714285714,0.9935545043802374,0.6054054054054054,0.5204710144927536,0.7321428571428572,49,
2,0.7,0.576271186440678,0.8252110044694002,0.6284942447733145,0.5425,0.75,50,
3,0.7555555555555555,0.637628111273792,0.9047024055953666,0.61875,0.5667270531400965,0.6875,45,
4,0.7358490566037735,0.6200716845878136,0.8477899735798504,0.6477272727272727,0.5711152882205514,0.75,53,
