metric,accuracy,kappa,macro_f1,macro_precision,macro_recall,log_loss,total_samples
pooled,0.880134428678118,0.7342195998506056,0.808447535079041,0.7520736858174544,0.8935224100250583,0.41668358121647014,2678
