fold,pearson,pearson_p_val,spearman,mse,mae,n_vals
0,0.334952,0.0,0.340307,0.322176,0.467891,472.0
1,0.280583,0.0,0.291903,0.363789,0.491971,470.0
2,0.311269,0.0,0.296591,0.354451,0.489785,472.0
3,0.291894,0.0,0.272741,0.305631,0.449451,472.0
4,0.266408,0.0,0.28044,0.366152,0.498955,474.0
Mean,0.297021,0.0,0.296396,0.34244,0.479611,472.0
