fold,pearson,pearson_p_val,spearman,mse,mae,n_vals
0,0.681326,0.0,0.532414,0.528079,0.609671,382.0
1,0.71728,0.0,0.577108,0.552606,0.63612,384.0
2,0.691038,0.0,0.527912,0.545069,0.617603,382.0
3,0.67415,0.0,0.551494,0.522588,0.609907,382.0
4,0.689471,0.0,0.533697,0.55159,0.636074,382.0
Mean,0.690653,0.0,0.544525,0.539986,0.621875,382.4
