fold,pearson,pearson_p_val,spearman,mse,mae,n_vals
0,0.729403,0.0,0.735912,0.145421,0.306581,1455.0
1,0.696316,0.0,0.70791,0.15902,0.316651,1455.0
2,0.702483,0.0,0.712053,0.156318,0.313142,1456.0
3,0.715239,0.0,0.723936,0.152436,0.31088,1456.0
4,0.700114,0.0,0.705491,0.156155,0.315774,1454.0
Mean,0.708711,0.0,0.71706,0.15387,0.312606,1455.2
