fold,pearson,pearson_p_val,spearman,kendall,rmse,n_vals
0,0.9969692535145208,0.0,0.9540059868773206,0.8751681260256987,0.006887360520948905,416
1,0.9938293789059955,0.0,0.9485236555309929,0.8680935799331023,0.009822694602113992,416
2,0.9962713456546235,0.0,0.9581191545847979,0.8787280455478673,0.007632436628035747,417
3,0.9926052858204824,0.0,0.9433022457235922,0.8604824424394956,0.010111289091680365,417
4,0.9937275460370824,0.0,0.9448629442038683,0.8630334543028781,0.009881238955697955,417
