,Yu_Aminoglycoside,Zhang_Aminoglycoside,Han_amidine,Lin_peptide,Liu_iphos,Han_branched,Xue_CAD_LNP,Han_a3,Lee_unsat
0,0.5173237958232653,,0.7621158223681903,,,8.91054034977212e-12,0.036509969200607166,0.9975756914138623,0.015291357565586975
1,0.896262889758747,,0.8848755065299327,,,1.2801906721135785e-11,0.04534390627115016,0.9147307941513318,0.04047066266420333
2,0.18314267607393164,,0.7418919617644942,,,5.207742877184378e-07,0.0009088972029989176,0.4700857150732265,0.008398929709620088
3,0.9718233260525245,,0.87910003158369,,,2.7325840984357895e-10,0.07874636704228738,0.8104038557343607,0.01699272007301709
4,0.5808741775917918,,0.753069658631677,,,1.0146111097743848e-11,0.005280164480910899,0.2801875941143605,0.03222532068380101
