fold,split_name,target,pearson,r^2,pearson_p_val,spearman,kendall,rmse,n_vals,note
0,Han_a3_Han_a3_FFL_in_vitro,toxicity,0.8693982905167971,0.755853387553529,1.7722780255270888e-18,0.8630054192332028,0.6836076921241474,0.020369623700533957,57,
0,Xue_CAD_LNP_Xue_CAD_LNP_FLL_in_vitro,toxicity,0.8949122789900208,0.8008679870871128,2.738519107401265e-39,0.7355894602573483,0.5977483154178795,0.016111201146826203,109,
0,Han_amidine_Han_amidine_FFL_in_vitro,toxicity,0.8860540846467274,0.78509184091915,1.0131578558721145e-23,0.7424902821439687,0.603289434735798,0.02788643653987373,68,
0,Miller_Zwitter_Miller_ZAL_FFL_in_vitro,toxicity,0.9863514425471679,0.972889168214879,6.673388262629537e-37,0.7017599354780623,0.599219551360059,0.05010373747229371,47,
0,Lee_unsat_Lee_unsat_dendrimer_FFL_in_vitro,toxicity,0.9355778891781685,0.8753059867190774,5.463158344923214e-27,0.8850013293870733,0.7515731990287042,0.020569326698099855,58,
0,Yu_Aminoglycoside_Siegwart_Amino_FLL_in_vitro,toxicity,0.9811831608839774,0.962720395202273,1.2488099942147508e-31,0.5871330031922385,0.5285000277315786,0.030118707816337187,44,
0,Zhang_Aminoglycoside_Zhang_Aminoglycoside_FFL_in_vitro,toxicity,0.9788899602035451,0.9582255541872982,3.742378979456409e-20,0.9679505108147181,0.9071147352221454,0.10305858627698432,29,
0,Han_branched_Han_branched_FFL_in_vitro,toxicity,0.8761166069791665,0.7675803090246873,1.1339241539613029e-20,0.8793775288391691,0.7465222734721167,0.0399413983013975,62,
