fold,split_name,target,pearson,r^2,pearson_p_val,spearman,kendall,rmse,n_vals,note
1,Han_amidine_Han_amidine_FFL_in_vitro,toxicity,0.8728012451905998,0.7617820136062614,6.346962522733693e-22,0.8302560345773052,0.6744458250359708,0.027713100936305045,67,
1,Han_a3_Han_a3_FFL_in_vitro,toxicity,0.9458172426200429,0.894570256437381,1.4775563606494407e-27,0.9539983298409506,0.830396544714715,0.016943206447579635,55,
1,Xue_CAD_LNP_Xue_CAD_LNP_FLL_in_vitro,toxicity,0.8266854510820645,0.6834088350307564,3.129787061528583e-28,0.5486091730606056,0.4315706680855626,0.021457702566938935,108,
1,Miller_Zwitter_Miller_ZAL_FFL_in_vitro,toxicity,0.9898105924542839,0.9797250089347006,3.796948317919337e-43,0.7702505644592542,0.6864748232775174,0.05758008570982566,51,
1,Lee_unsat_Lee_unsat_dendrimer_FFL_in_vitro,toxicity,0.9021308100631108,0.8138399984651244,4.224345461442809e-22,0.847150116972226,0.6984168190047534,0.027021965196450476,58,
1,Yu_Aminoglycoside_Siegwart_Amino_FLL_in_vitro,toxicity,0.9750243103255793,0.9506724057258716,4.4987623503948285e-29,0.5985649189640075,0.5384208893350181,0.03633947250864573,44,
1,Zhang_Aminoglycoside_Zhang_Aminoglycoside_FFL_in_vitro,toxicity,0.9747892214596591,0.9502140262739283,4.013195449151551e-19,0.9668005619557579,0.9001643985765835,0.12663718816646932,29,
1,Han_branched_Han_branched_FFL_in_vitro,toxicity,0.8710728079424049,0.7587678367366659,3.482223986284192e-20,0.8921728575362531,0.7449291716018167,0.04423755686218351,62,
