fold,split_name,target,pearson,r^2,pearson_p_val,spearman,kendall,rmse,n_vals,note
2,Han_amidine_Han_amidine_FFL_in_vitro,toxicity,0.827532114147152,0.684809399944855,3.3324434087282952e-18,0.7367366311699057,0.5810618849033095,0.029754540160634228,68,
2,Han_a3_Han_a3_FFL_in_vitro,toxicity,0.9239493664933865,0.8536824318435303,4.338042840981436e-22,0.8704799855566865,0.7118672965218013,0.020839585007602267,51,
2,Xue_CAD_LNP_Xue_CAD_LNP_FLL_in_vitro,toxicity,0.8115003149741852,0.6585327612032017,3.9576302078745144e-28,0.6294273303182883,0.5006788087905744,0.0241475626471938,115,
2,Miller_Zwitter_Miller_ZAL_FFL_in_vitro,toxicity,0.9857129149463182,0.9716299506919676,1.854613612382879e-36,0.8016917301159289,0.7280483175371171,0.06968191575327216,47,
2,Lee_unsat_Lee_unsat_dendrimer_FFL_in_vitro,toxicity,0.8426611583901407,0.7100778278594138,1.0993277650207668e-16,0.7557181278815548,0.6226238199643765,0.030034524222409497,58,
2,Yu_Aminoglycoside_Siegwart_Amino_FLL_in_vitro,toxicity,0.9680305237762359,0.9370830949624935,7.504047373812605e-27,0.6504267984559853,0.5934472588652248,0.04391474879462699,44,
2,Zhang_Aminoglycoside_Zhang_Aminoglycoside_FFL_in_vitro,toxicity,0.9672062939775721,0.9354880151098296,1.3360941746476154e-17,0.9638571907298423,0.8916349328455211,0.1574704148227294,29,
2,Han_branched_Han_branched_FFL_in_vitro,toxicity,0.8426705343735003,0.7100936295013205,8.918957952755444e-18,0.8217409230787458,0.6815792844054894,0.05425866696679562,62,
