fold,split_name,target,pearson,r^2,pearson_p_val,spearman,kendall,rmse,n_vals,note
3,Han_amidine_Han_amidine_FFL_in_vitro,toxicity,0.7714773149055888,0.5951772474139371,8.648681461307074e-13,0.6656672520675206,0.5249669297596862,0.02978022111857722,59,
3,Han_a3_Han_a3_FFL_in_vitro,toxicity,0.9145115290639609,0.8363313367909039,2.934075451766818e-25,0.9156693316490715,0.7618803152516962,0.018515604705119124,62,
3,Xue_CAD_LNP_Xue_CAD_LNP_FLL_in_vitro,toxicity,0.831161179055845,0.6908289055695024,8.858020169993991e-29,0.601406244188618,0.47780804898009627,0.020491436974799136,108,
3,Miller_Zwitter_Miller_ZAL_FFL_in_vitro,toxicity,0.9880536748391471,0.976250064363143,5.169359087979568e-39,0.7325890766063904,0.6305099008284762,0.05860286172032773,48,
3,Lee_unsat_Lee_unsat_dendrimer_FFL_in_vitro,toxicity,0.9008920646272573,0.8116065121083624,2.026502892839802e-23,0.8229986530548797,0.6737564296234988,0.026644659375578934,62,
3,Yu_Aminoglycoside_Siegwart_Amino_FLL_in_vitro,toxicity,0.9739565259218206,0.948591314385702,1.0725662810832518e-28,0.5725970490559156,0.51285127234009,0.03702939833254987,44,
3,Zhang_Aminoglycoside_Zhang_Aminoglycoside_FFL_in_vitro,toxicity,0.9747731865831172,0.9501827652814046,4.04740992756388e-19,0.9668005619557579,0.9001643985765835,0.1267596684289156,29,
3,Han_branched_Han_branched_FFL_in_vitro,toxicity,0.8645730367493336,0.7474865358739645,1.3818261865890652e-19,0.8724624911343308,0.7332307499338248,0.04473140668368631,62,
