fold,split_name,target,pearson,r^2,pearson_p_val,spearman,kendall,rmse,n_vals,note
4,Han_amidine_Han_amidine_FFL_in_vitro,toxicity,0.9125260519718196,0.8327037955272759,4.179581280780902e-28,0.8237058247043934,0.6791687958017241,0.026110290769956423,70,
4,Xue_CAD_LNP_Xue_CAD_LNP_FLL_in_vitro,toxicity,0.7785505185569415,0.6061409099452825,5.3732016953964216e-24,0.5774915687164198,0.4471910201703704,0.02021936070259749,112,
4,Han_a3_Han_a3_FFL_in_vitro,toxicity,0.9532047947001846,0.908599380639421,4.1480256966303625e-27,0.9529382470119523,0.8354430379746837,0.013982093535174722,51,
4,Miller_Zwitter_Miller_ZAL_FFL_in_vitro,toxicity,0.9228044977635513,0.8515681410926402,2.921293844205294e-20,0.7162297691711962,0.6339893942684545,0.026485044504936453,47,
4,Lee_unsat_Lee_unsat_dendrimer_FFL_in_vitro,toxicity,0.8519121094041099,0.7257542421493601,6.184749645812795e-18,0.7117629896744291,0.5809437557966809,0.024705034891337782,60,
4,Yu_Aminoglycoside_Siegwart_Amino_FLL_in_vitro,toxicity,0.9859117474424887,0.9720219737451016,2.9975567368341483e-34,0.6305057036520635,0.5785442465317857,0.029633554450415062,44,
4,Zhang_Aminoglycoside_Zhang_Aminoglycoside_FFL_in_vitro,toxicity,0.9788374979393887,0.9581228473722427,3.8687121789052184e-20,0.9679505108147181,0.9071147352221454,0.10351097914471159,29,
4,Han_branched_Han_branched_FFL_in_vitro,toxicity,0.8836636611253375,0.7808614659934352,1.9248004396584275e-21,0.8983185613214756,0.7518441593132025,0.039612908020755885,62,
