fold,pearson,pearson_p_val,spearman,kendall,rmse,n_vals
0,0.9624647522091622,1.77907120129794e-269,0.8941288733337064,0.746033637351432,0.03826915931506279,474
1,0.957269556123356,1.8501199274334038e-256,0.8865448021865215,0.7436541163833794,0.045305360655052175,474
2,0.9469544247216352,7.824786444913191e-235,0.8712066519299745,0.7246131364364102,0.05466495133940373,474
3,0.9530961410209503,3.994924258411937e-247,0.8735098148013302,0.725079904278707,0.04542698126137396,474
4,0.9588253519203577,9.98659724910687e-261,0.8679479143219851,0.7230737210676492,0.036120228470401285,475
