fold,split_name,target,pearson,r^2,pearson_p_val,spearman,kendall,rmse,n_vals,note
0,Xue_CAD_LNP_Xue_CAD_LNP_nan_in_vitro,toxicity,0.38818694565307893,0.15068910477546646,7.076192995206155e-06,0.3705292461999354,0.26888834195418637,0.024645750690476916,126,
0,Lee_unsat_Lee_unsat_dendrimer_nan_in_vitro,toxicity,0.5282685385920676,0.2790676488661988,8.592266683519824e-06,0.49835195086827266,0.361390545057319,0.03431445667831714,63,
0,Yu_Aminoglycoside_Siegwart_Amino_nan_in_vitro,toxicity,0.5420529550528423,0.29382140608151874,0.00014443538557193768,0.4701071630020555,0.366170479595682,0.05644227165021218,44,
0,Zhang_Aminoglycoside_Zhang_Aminoglycoside_nan_in_vitro,toxicity,0.7397941563466821,0.5472953937646992,4.518250805668771e-06,0.7082149565344042,0.5517804334403826,0.16080692824446483,29,
0,Farbiak_dendrimer_HeLa_Farbiak_dendrimer_HeLa_nan_in_vitro,toxicity,0.9169373881214833,0.8407741737350477,4.005351351352477e-15,0.9454983045063835,0.818519515085121,0.07313211733607927,36,
0,Farbiak_dendrimer_igrov1_Farbiak_dendrimer_igrov1_nan_in_vitro,toxicity,0.9379401742081414,0.8797317703935985,3.3247836065409777e-17,0.9388012696994148,0.8314646378209265,0.07243132368222512,36,
