fold,split_name,target,pearson,r^2,pearson_p_val,spearman,kendall,rmse,n_vals,note
1,Xue_CAD_LNP_Xue_CAD_LNP_nan_in_vitro,toxicity,0.4581510555232699,0.20990238967708633,6.877248604913411e-08,0.4658151740647341,0.3330470553953799,0.02694289903154987,126,
1,Lee_unsat_Lee_unsat_dendrimer_nan_in_vitro,toxicity,0.49613162282996837,0.246146587171898,3.548796916979095e-05,0.46869263266458266,0.347645104357833,0.035493446979394425,63,
1,Yu_Aminoglycoside_Siegwart_Amino_nan_in_vitro,toxicity,0.5207537136940168,0.27118443032611,0.0002901397836672822,0.46750767634998125,0.36964128982881644,0.06071217365302492,44,
1,Zhang_Aminoglycoside_Zhang_Aminoglycoside_nan_in_vitro,toxicity,0.6761733083620219,0.457210342941242,5.6671800462083214e-05,0.6899776615163509,0.5199469468957452,0.18822561790693149,29,
1,Farbiak_dendrimer_HeLa_Farbiak_dendrimer_HeLa_nan_in_vitro,toxicity,0.9198481965176346,0.8461207046367449,2.23453008879563e-15,0.9398149813645418,0.8088328936048238,0.06735700131469267,36,
1,Farbiak_dendrimer_igrov1_Farbiak_dendrimer_igrov1_nan_in_vitro,toxicity,0.9155219328939077,0.8381804096097969,5.279188634034946e-15,0.9376261359821277,0.8281387792696427,0.08537113571644815,36,
