fold,split_name,target,pearson,r^2,pearson_p_val,spearman,kendall,rmse,n_vals,note
2,Xue_CAD_LNP_Xue_CAD_LNP_nan_in_vitro,toxicity,0.42588127262817155,0.18137485837539097,6.636829740526955e-07,0.4244889455021765,0.3074386418759335,0.024485189361745152,126,
2,Lee_unsat_Lee_unsat_dendrimer_nan_in_vitro,toxicity,0.5022042832973425,0.2522091421621974,2.7440787368804513e-05,0.45549674956548336,0.333899663658347,0.03451791123308516,63,
2,Yu_Aminoglycoside_Siegwart_Amino_nan_in_vitro,toxicity,0.5282886091987913,0.2790888546091932,0.00022789390510762582,0.4715068865839417,0.37311210006195084,0.06003146995705824,44,
2,Zhang_Aminoglycoside_Zhang_Aminoglycoside_nan_in_vitro,toxicity,0.6720366297470737,0.4516332317218054,6.540686813653132e-05,0.6978298302046795,0.5358636901680638,0.18536058299553396,29,
2,Farbiak_dendrimer_HeLa_Farbiak_dendrimer_HeLa_nan_in_vitro,toxicity,0.919098815762013,0.8447426331351348,2.6022073768089794e-15,0.9380066512739558,0.8056040197780581,0.0674758844793867,36,
2,Farbiak_dendrimer_igrov1_Farbiak_dendrimer_igrov1_nan_in_vitro,toxicity,0.9145740225279355,0.8364456426829286,6.334543353149029e-15,0.9367121430909042,0.8214870621670755,0.08537877131905035,36,
