fold,split_name,target,pearson,r^2,pearson_p_val,spearman,kendall,rmse,n_vals,note
3,Xue_CAD_LNP_Xue_CAD_LNP_nan_in_vitro,toxicity,0.3625730114048269,0.13145918859916472,3.0168945150735342e-05,0.372051015074459,0.2657385830015465,0.027734399547737616,126,
3,Lee_unsat_Lee_unsat_dendrimer_nan_in_vitro,toxicity,0.4433900177489949,0.196594707839454,0.00027321265896760504,0.46105158797481854,0.3430632907913376,0.03588290871327708,63,
3,Yu_Aminoglycoside_Siegwart_Amino_nan_in_vitro,toxicity,0.5224581798638933,0.2729625497066923,0.00027485125199456064,0.4651081502096049,0.36964128982881644,0.05935201923694045,44,
3,Zhang_Aminoglycoside_Zhang_Aminoglycoside_nan_in_vitro,toxicity,0.6753900377350145,0.4561517030717043,5.824111602907601e-05,0.6811123097714639,0.5040302036234264,0.18995088114746617,29,
3,Farbiak_dendrimer_HeLa_Farbiak_dendrimer_HeLa_nan_in_vitro,toxicity,0.9179051164007166,0.8425498027146131,3.3068682821585238e-15,0.9385233170141233,0.8056040197780581,0.06306829965911903,36,
3,Farbiak_dendrimer_igrov1_Farbiak_dendrimer_igrov1_nan_in_vitro,toxicity,0.9095768225737135,0.8273299961632927,1.600925664731803e-14,0.9371038543300001,0.8248129207183592,0.09226722700769582,36,
