fold,split_name,target,pearson,r^2,pearson_p_val,spearman,kendall,rmse,n_vals,note
4,Xue_CAD_LNP_Xue_CAD_LNP_nan_in_vitro,toxicity,0.45449925058941376,0.20656956878633873,8.994983120187421e-08,0.4679856822534903,0.33607600753208855,0.025559587077207888,126,
4,Lee_unsat_Lee_unsat_dendrimer_nan_in_vitro,toxicity,0.49176773217424546,0.2418355024078004,4.256403876539247e-05,0.4589402466789626,0.34535419757458535,0.03510581263261457,63,
4,Yu_Aminoglycoside_Siegwart_Amino_nan_in_vitro,toxicity,0.523622012438788,0.2741800119104463,0.00026483391006044325,0.46750767634998125,0.36964128982881644,0.059683063018520624,44,
4,Zhang_Aminoglycoside_Zhang_Aminoglycoside_nan_in_vitro,toxicity,0.6713495355393106,0.4507101988688481,6.696851238454784e-05,0.6950435767991435,0.525252527986518,0.18717765255505675,29,
4,Farbiak_dendrimer_HeLa_Farbiak_dendrimer_HeLa_nan_in_vitro,toxicity,0.9197113773784125,0.8458690176792967,2.2978016621157747e-15,0.9398149813645418,0.8088328936048238,0.06740667305253648,36,
4,Farbiak_dendrimer_igrov1_Farbiak_dendrimer_igrov1_nan_in_vitro,toxicity,0.9151785711555512,0.8375518171023164,5.640836039970795e-15,0.9371038543300001,0.8248129207183592,0.08536477825374349,36,
