fold,split_name,target,pearson,r^2,pearson_p_val,spearman,kendall,rmse,n_vals,note
1,Xue_CAD_LNP_Xue_CAD_LNP_nan_in_vitro,toxicity,0.5149880217970042,0.2652126625943917,6.846964595101909e-10,0.5040124079164351,0.3655394510437096,0.0234839123203886,126,
1,Lee_unsat_Lee_unsat_dendrimer_generic_cell_in_vitro,toxicity,0.657775234285525,0.43266825883937726,4.707867891694148e-09,0.616496151548291,0.4751555138738165,0.030802184481403018,63,
