fold,split_name,target,pearson,r^2,pearson_p_val,spearman,kendall,rmse,n_vals,note
2,Xue_CAD_LNP_Xue_CAD_LNP_nan_in_vitro,toxicity,0.5230538251835835,0.2735853040391787,3.3153805958784854e-10,0.5061025269130152,0.3693944810358843,0.023778749993007393,126,
2,Lee_unsat_Lee_unsat_dendrimer_generic_cell_in_vitro,toxicity,0.6526425830163454,0.42594234116624724,6.793747562584123e-09,0.6019477972875192,0.4561240601556962,0.035685419405070994,63,
