fold,split_name,target,pearson,r^2,pearson_p_val,spearman,kendall,rmse,n_vals,note
4,Xue_CAD_LNP_Xue_CAD_LNP_nan_in_vitro,toxicity,0.5248907369341391,0.2755102857192636,2.8031241053237956e-10,0.5119462028058203,0.37435094816868036,0.024180654438930634,126,
4,Lee_unsat_Lee_unsat_dendrimer_generic_cell_in_vitro,toxicity,0.6617808103538201,0.4379538409525588,3.5186628966966443e-09,0.6225715724534793,0.472741645261871,0.036366328735200945,63,
