fold,pearson,pearson_p_val,spearman,kendall,rmse,n_vals
0,0.5956729360607822,1.8622317270760286e-33,0.3645867926718264,0.2681761253075788,0.10941862194598925,334
1,0.5956729360607824,1.8622317270759428e-33,0.3645867926718264,0.2681761253075788,0.10941862194598927,334
2,0.5956729360607824,1.8622317270759428e-33,0.3645867926718264,0.2681761253075788,0.10941862194598924,334
3,0.5956729360607826,1.8622317270758135e-33,0.3645867926718264,0.2681761253075788,0.10941862194598923,334
