fold,split_name,target,pearson,r^2,pearson_p_val,spearman,kendall,rmse,n_vals,note
0,Lee_unsat_Lee_unsat_dendrimer_FFL_in_vitro,toxicity,0.8805722270843956,0.7754074471123724,1.8280231679262025e-20,0.8256537816710758,0.6982196446523649,0.020389869602227686,60,
0,Xue_CAD_LNP_Xue_CAD_LNP_FLL_in_vitro,toxicity,0.7920161129352208,0.6272895231490164,1.8615116867745056e-24,0.6685429556850965,0.5188871581129288,0.017868269799676016,108,
0,Han_a3_Han_a3_FFL_in_vitro,toxicity,0.8912654125897878,0.7943540356788446,1.4027422445577766e-21,0.863237052403299,0.6982046450520654,0.015404639079213507,60,
0,Han_amidine_Han_amidine_FFL_in_vitro,toxicity,0.5403171257669056,0.2919425963970101,2.8311022675751406e-06,0.5216585778492404,0.4005288009850354,0.03049914823697404,66,
0,Yu_Aminoglycoside_Siegwart_Amino_FLL_in_vitro,toxicity,0.5841329931274979,0.3412113536600895,3.14414488436106e-05,0.5236751435917145,0.4435142932654635,0.053984830454601805,44,
0,Zhang_Aminoglycoside_Zhang_Aminoglycoside_FFL_in_vitro,toxicity,0.8418178343335556,0.7086572662020377,1.0483578593046139e-08,0.6849526887874181,0.5613992523801759,0.1143385343925481,29,
0,Miller_Zwitter_Miller_ZAL_FFL_in_vitro,toxicity,0.4524445045969423,0.20470602973997254,8.413436629134222e-05,0.45709776020074055,0.4008153202688232,0.07509109908041293,70,
0,Han_branched_Han_branched_FFL_in_vitro,toxicity,0.33930996420201187,0.11513125180677057,0.0069777822514896365,0.2662123075890628,0.20719247895543005,0.06367044981881786,62,
