fold,split_name,target,pearson,r^2,pearson_p_val,spearman,kendall,rmse,n_vals,note
1,Han_a3_Han_a3_FFL_in_vitro,toxicity,0.7598948611989824,0.5774402000766208,2.6821578090462686e-11,0.7597490672112193,0.5852989863628534,0.020048619649832056,54,
1,Lee_unsat_Lee_unsat_dendrimer_FFL_in_vitro,toxicity,0.8066575498921951,0.6506964027980792,1.4617460279284091e-15,0.7863506041555377,0.6350346789305128,0.025948909652163503,63,
1,Xue_CAD_LNP_Xue_CAD_LNP_FLL_in_vitro,toxicity,0.6716605822581496,0.45112793775935656,1.551658013625003e-16,0.5893558923281885,0.46386919495983053,0.02138557069546838,116,
1,Han_amidine_Han_amidine_FFL_in_vitro,toxicity,0.6027836743306152,0.36334815803951714,2.741017365342781e-07,0.4390707908333602,0.33698700948169924,0.03442872864853901,61,
1,Yu_Aminoglycoside_Siegwart_Amino_FLL_in_vitro,toxicity,0.5802344681097313,0.33667203798258283,3.6535143842176195e-05,0.525186968771218,0.454301611628999,0.055556542077404764,44,
1,Zhang_Aminoglycoside_Zhang_Aminoglycoside_FFL_in_vitro,toxicity,0.8395054481396387,0.7047693974561355,1.2569459278411503e-08,0.6813725399624909,0.5547703430692473,0.13170410099643784,29,
1,Miller_Zwitter_Miller_ZAL_FFL_in_vitro,toxicity,0.45181851893815894,0.2041399740554715,8.630050538013097e-05,0.45168179200230485,0.39814531345567866,0.07544970198559148,70,
1,Han_branched_Han_branched_FFL_in_vitro,toxicity,0.33663430700929986,0.11332265665563156,0.007466509165312542,0.2640682628003153,0.20735624765492044,0.06506806478884208,62,
