fold,split_name,target,pearson,r^2,pearson_p_val,spearman,kendall,rmse,n_vals,note
3,Han_a3_Han_a3_FFL_in_vitro,toxicity,0.9098468450902707,0.827821281520719,1.646989807503178e-21,0.8873714056039882,0.744903405083245,0.015954850668347266,54,
3,Lee_unsat_Lee_unsat_dendrimer_FFL_in_vitro,toxicity,0.7977871659103283,0.6364643620912337,1.7871091665353573e-15,0.7967562973468495,0.6374738508528335,0.030412945901175277,65,
3,Xue_CAD_LNP_Xue_CAD_LNP_FLL_in_vitro,toxicity,0.6450495672728999,0.41608894423895537,5.490316566363897e-15,0.5492876277702607,0.41315666764251113,0.02338842977516647,116,
3,Han_amidine_Han_amidine_FFL_in_vitro,toxicity,0.5358001521462952,0.28708180303999303,1.025757311518528e-05,0.4171067007079938,0.3483969153330026,0.03502443630432859,60,
3,Yu_Aminoglycoside_Siegwart_Amino_FLL_in_vitro,toxicity,0.568786174832582,0.3235177126806805,5.616496024265618e-05,0.5366918331908797,0.4652927796522813,0.05663527225824584,44,
3,Zhang_Aminoglycoside_Zhang_Aminoglycoside_FFL_in_vitro,toxicity,0.8387220885281212,0.7034547417849737,1.3357786720879917e-08,0.6813725399624909,0.5547703430692473,0.14145865516274395,29,
3,Miller_Zwitter_Miller_ZAL_FFL_in_vitro,toxicity,0.44730419753544653,0.20008104513282976,0.00010351349515205583,0.4356437292053299,0.37938134592289685,0.07593245603909517,70,
3,Han_branched_Han_branched_FFL_in_vitro,toxicity,0.3354337531320258,0.11251580274023681,0.007695350891034193,0.2687996090542963,0.20878629074219573,0.06619940058334409,62,
