fold,split_name,target,pearson,r^2,pearson_p_val,spearman,kendall,rmse,n_vals,note
4,Han_a3_Han_a3_FFL_in_vitro,toxicity,0.8531786314652733,0.7279137771889566,1.865382141080687e-15,0.8344594263573377,0.6605782590758165,0.019433509183788198,51,
4,Xue_CAD_LNP_Xue_CAD_LNP_FLL_in_vitro,toxicity,0.6856490015416251,0.47011455331502744,1.0226854136606615e-16,0.5911632438172574,0.4499886606816202,0.02275778735172367,111,
4,Lee_unsat_Lee_unsat_dendrimer_FFL_in_vitro,toxicity,0.7929020888471758,0.6286937224982148,3.49970171289707e-15,0.7753555071997136,0.6204930638387341,0.027857635239231297,65,
4,Han_amidine_Han_amidine_FFL_in_vitro,toxicity,0.6295343993083499,0.39631355991252487,8.89263201211059e-09,0.5079340853345813,0.3850009335428136,0.02881461367840679,68,
4,Yu_Aminoglycoside_Siegwart_Amino_FLL_in_vitro,toxicity,0.5782655340421164,0.33439102786101416,3.938477093683308e-05,0.5330541263849429,0.4668479135360069,0.05624719054085247,44,
4,Zhang_Aminoglycoside_Zhang_Aminoglycoside_FFL_in_vitro,toxicity,0.838579086197708,0.7032148838081831,1.3506475713927185e-08,0.6813725399624909,0.5547703430692473,0.1412734343722612,29,
4,Miller_Zwitter_Miller_ZAL_FFL_in_vitro,toxicity,0.4471367462714313,0.19993126986620233,0.00010420907397136016,0.35776049276551275,0.3148342994804324,0.07590370950384168,70,
4,Han_branched_Han_branched_FFL_in_vitro,toxicity,0.3387612078190029,0.11475915592298966,0.007075668963908914,0.2640682628003153,0.20735624765492044,0.06610987112481569,62,
