fold,note,pearson,r2,pearson_p_val,spearman,kendall,mse,mae,n_vals
0,,0.970186,0.675273,0.0,0.900976,0.774818,0.011402,0.096472,24.0
1,,0.967816,0.726368,0.0,0.858091,0.725153,0.011685,0.092918,24.0
2,,0.944543,0.456981,0.0,0.840381,0.723318,0.016711,0.119079,16.0
3,,0.957975,0.67647,0.0,0.863571,0.72817,0.013001,0.100586,24.0
4,,0.961839,0.708542,0.0,0.870419,0.740261,0.012448,0.097181,24.0
Mean,,0.9604718,0.6487268,0.0,0.8666875999999999,0.7383439999999999,0.0130494,0.10124720000000001,22.4
