fold,note,pearson,r2,pearson_p_val,spearman,kendall,mse,mae,n_vals
0,,0.580122,0.051954,3e-06,0.576507,0.419272,0.000899,0.024924,56.0
1,,0.536185,0.054536,1.2e-05,0.546483,0.374782,0.000781,0.022269,59.0
2,,0.538754,-0.044879,9e-06,0.459717,0.313405,0.001,0.025476,60.0
3,,0.535521,0.05122,2.1e-05,0.528669,0.360443,0.000914,0.024073,56.0
4,,0.459407,-0.096837,0.000325,0.393166,0.254799,0.001103,0.026532,57.0
Mean,,0.5299978000000001,0.003198799999999999,7.4e-05,0.5009083999999999,0.3445402,0.0009394,0.024654799999999998,57.6
