fold,note,pearson,r2,pearson_p_val,spearman,kendall,mse,mae,n_vals
0,,0.925124,0.824792,0.0,0.836577,0.693826,0.002676,0.035479,57.0
1,,0.92127,0.81574,0.0,0.820586,0.666667,0.003464,0.04082,57.0
2,,0.91326,0.802902,0.0,0.783317,0.639459,0.003543,0.039795,66.0
3,,0.917592,0.813084,0.0,0.810192,0.673827,0.003142,0.037347,60.0
4,,0.920094,0.811643,0.0,0.826936,0.664029,0.002969,0.038628,60.0
Mean,,0.919468,0.8136322,0.0,0.8155216,0.6675616,0.0031588,0.0384138,60.0
