fold,note,pearson,r2,pearson_p_val,spearman,kendall,mse,mae,n_vals
0,,0.306942,-1.301908,0.0,0.285694,0.233589,0.001076,0.023794,366.0
1,,0.317321,-1.150202,0.0,0.308601,0.252314,0.001105,0.025098,368.0
2,,0.291635,-1.260455,0.0,0.277601,0.226973,0.001113,0.024116,366.0
3,,0.282583,-1.636859,0.0,0.285138,0.233138,0.001168,0.024417,366.0
4,,0.24031,-1.791522,3e-06,0.259744,0.212369,0.001305,0.026771,366.0
Mean,,0.28775819999999996,-1.4281892000000003,6e-07,0.2833556,0.23167659999999998,0.0011534,0.0248392,366.4
