fold,pearson,pearson_p_val,spearman,mse,mae,n_vals
0,0.667258,0.000197,0.740171,0.000469,0.017396,26.0
1,0.67548,0.000111,0.772283,0.000435,0.017367,27.0
2,0.881914,0.31251,1.0,3.9e-05,0.005491,3.0
3,0.70084,3.3e-05,0.744937,0.000419,0.016592,28.0
4,0.633354,0.000297,0.689655,0.00054,0.01917,28.0
Mean,0.711769,0.06263,0.789409,0.00038,0.015203,22.4
