fold,pearson,pearson_p_val,spearman,kendall,rmse,n_vals
0,0.8642160311846561,4.562557943420637e-101,0.6413833861909164,0.5040534338403535,0.06525400435582816,334
1,0.8336719554044746,1.2916437369210463e-87,0.6415707691944592,0.5042120846437813,0.07312853944286404,334
2,0.8338349911151614,1.1136986054249106e-87,0.6393141352751177,0.5019116479940791,0.07200920626832374,334
3,0.8275288301467266,3.0695043275687214e-85,0.5916072070127263,0.4590602271595927,0.07400160063608112,334
4,0.8337169070915278,1.239939317366594e-87,0.6403938900622885,0.5050053386609199,0.07256271081251817,334
