fold,note,pearson,r2,pearson_p_val,spearman,kendall,mse,mae,n_vals
0,,0.597361,0.150188,0.0,0.567951,0.39916,0.000753,0.023523,66.0
1,,0.486561,0.013697,4e-05,0.448133,0.314522,0.000759,0.022696,65.0
2,,0.573009,-0.144208,4e-06,0.495787,0.35049,0.000993,0.025502,56.0
3,,0.645956,0.239355,0.0,0.600748,0.423447,0.000562,0.020451,61.0
4,,0.5301,0.131183,2.6e-05,0.455975,0.323463,0.000746,0.023044,56.0
Mean,,0.5665974,0.078043,1.4000000000000001e-05,0.5137188,0.3622164,0.0007626,0.023043199999999996,60.8
