fold,note,pearson,r2,pearson_p_val,spearman,kendall,mse,mae,n_vals
0,,0.635333,0.228637,0.0,0.557411,0.431628,0.001329,0.028223,77.0
1,,0.584799,0.129836,1e-06,0.510807,0.395489,0.001581,0.029905,61.0
2,,0.646631,-0.205638,4e-06,0.564947,0.430085,0.002266,0.038093,42.0
3,,0.641381,0.214422,0.0,0.525443,0.399947,0.001199,0.026906,55.0
4,,0.563166,0.045613,0.0,0.483615,0.378026,0.001586,0.030372,73.0
Mean,,0.6142619999999999,0.08257400000000001,1e-06,0.5284446,0.4070349999999999,0.0015922000000000002,0.0306998,61.6
