fold,note,pearson,r2,pearson_p_val,spearman,kendall,mse,mae,n_vals
0,insufficient_data,0.842523,0.55573,0.004359,0.69803,0.589256,0.0026,0.035361,9.0
1,insufficient_data,0.88025,0.633128,0.001737,0.876794,0.766032,0.002147,0.032613,9.0
2,insufficient_data,0.998045,0.115664,0.039812,0.866025,0.816497,0.001889,0.039839,3.0
3,insufficient_data,0.949946,0.86649,0.003695,0.811679,0.690066,0.000464,0.01535,6.0
4,insufficient_data,0.835854,0.567791,0.005005,0.638442,0.53033,0.002529,0.03518,9.0
Mean,,0.9013236000000001,0.5477606,0.0109216,0.7781939999999999,0.6784361999999999,0.0019257999999999996,0.031668600000000005,7.2
