fold,pearson,pearson_p_val,spearman,kendall,rmse,n_vals
0,0.9990465714341044,0.0,0.9576529068560814,0.8881312539405518,0.005743850065637738,323
1,0.998624396264753,0.0,0.9504668316445223,0.8717550468375773,0.006901618751195723,323
2,0.9989288167409857,0.0,0.9501747940487665,0.8741241564235732,0.006096319133110282,323
3,0.9986725986532964,0.0,0.9452305352480043,0.8670862371770293,0.006773079668790175,324
4,0.9985325393039691,0.0,0.9532826111879492,0.8785281004309772,0.007114080361859712,324
