fold,accuracy,kappa,log_loss,macro_f1,weighted_f1,macro_precision,macro_recall,n_vals,note
0,0.967741935483871,0.651685393258427,0.11992174027444108,0.5499058380414312,0.9728449061417899,0.5,0.6555555555555556,31,
1,1.0,1.0,0.036176117305208005,0.3333333333333333,1.0,0.3333333333333333,0.3333333333333333,24,
2,0.9615384615384616,0.6486486486486487,0.12727976793585538,0.5487528344671202,0.967556253270539,0.5,0.6533333333333333,26,
3,0.96,0.647887323943662,0.1454963557076036,0.5484633569739953,0.9662411347517731,0.5,0.6527777777777778,25,
4,0.9545454545454546,0.6451612903225807,0.14078466165856662,0.5474254742547425,0.9615668883961568,0.5,0.6507936507936508,22,
