fold,accuracy,kappa,log_loss,macro_f1,weighted_f1,macro_precision,macro_recall,n_vals,note
0,0.6521739130434783,0.5053763440860215,0.5881863235459408,0.648148148148148,0.6135265700483091,0.712121212121212,0.7777777777777777,23,
1,0.7272727272727273,0.6,0.5171745588947838,0.7313131313131315,0.7140495867768596,0.746031746031746,0.8333333333333334,22,
2,0.75,0.5918367346938775,0.5183093090011399,0.7587301587301587,0.7538095238095238,0.7407407407407408,0.8717948717948718,20,
3,0.7,0.5522388059701493,0.5548010265829866,0.7103174603174603,0.6910714285714286,0.7185185185185187,0.8333333333333334,20,
4,0.9130434782608695,0.8424657534246576,0.3641957492643032,0.8982683982683982,0.9150197628458498,0.8611111111111112,0.9555555555555556,23,
