fold,accuracy,kappa,log_loss,macro_f1,weighted_f1,macro_precision,macro_recall,n_vals,note
0,0.6515151515151515,0.42500000000000016,0.641734727614752,0.6912698412698411,0.6625541125541126,0.7880116959064326,0.7116402116402116,66,
1,0.6491228070175439,0.4233687405159332,0.729609681061027,0.685247959824231,0.66620411669475,0.7761485826001954,0.7119262119262119,57,
2,0.7,0.5090909090909091,0.741165182152707,0.7166939443535187,0.7041243862520458,0.7970430107526881,0.7361111111111112,60,
3,0.6818181818181818,0.4779661016949154,0.7203154374586453,0.7032146957520092,0.6881588560693038,0.7901098901098901,0.7286585365853658,66,
4,0.6666666666666666,0.3666826232647199,0.7461709012070559,0.6506929762743715,0.6831549157130552,0.759018759018759,0.6454545454545455,63,
