fold,accuracy,kappa,log_loss,macro_f1,weighted_f1,macro_precision,macro_recall,n_vals,note
0,0.8541666666666666,0.74755822689707,0.6438357885381382,0.8616557734204794,0.8557325708061002,0.8380952380952381,0.9195402298850576,48,
1,0.82,0.6842105263157895,0.6240073444283832,0.8721088435374149,0.821469387755102,0.8888888888888888,0.896551724137931,50,
2,0.84,0.7336884154460719,0.55021835053686,0.8572308450357231,0.8395269770879529,0.8472222222222223,0.9047619047619048,50,
3,0.8333333333333334,0.7182685253118122,0.6595748354890247,0.8480813793645182,0.8324471741094221,0.8361111111111111,0.9012345679012346,48,
4,0.7727272727272727,0.6296296296296297,0.7184804430154109,0.7772486772486772,0.763023088023088,0.7822222222222223,0.8550724637681159,44,
