fold,accuracy,kappa,log_loss,macro_f1,weighted_f1,macro_precision,macro_recall,n_vals,note
0,1.0,1.0,0.11992174027444108,0.6666666666666666,1.0,0.6666666666666666,0.6666666666666666,31,
1,1.0,1.0,0.036176117305208005,0.3333333333333333,1.0,0.3333333333333333,0.3333333333333333,24,
2,1.0,1.0,0.12727976793585538,0.6666666666666666,1.0,0.6666666666666666,0.6666666666666666,26,
3,0.96,0.647887323943662,0.1454963557076036,0.5484633569739953,0.9662411347517731,0.5,0.6527777777777778,25,
4,1.0,1.0,0.14078466165856662,0.6666666666666666,1.0,0.6666666666666666,0.6666666666666666,22,
