fold,accuracy,kappa,log_loss,macro_f1,weighted_f1,macro_precision,macro_recall,n_vals,note
0,0.8695652173913043,0.7958579881656804,0.5881863235459408,0.8736772486772487,0.8680986887508627,0.8592592592592593,0.9166666666666666,23,
1,1.0,1.0,0.5171745588947838,1.0,1.0,1.0,1.0,22,
2,1.0,1.0,0.5183093090011399,1.0,1.0,1.0,1.0,20,
3,0.95,0.9126637554585153,0.5548010265829866,0.9552042160737813,0.9511857707509883,0.9444444444444445,0.9722222222222222,20,
4,1.0,1.0,0.3641957492643032,1.0,1.0,1.0,1.0,23,
