fold,pearson,r^2,pearson_p_val,spearman,kendall,rmse,n_vals,note
0,0.3799647621824079,0.14437322050033377,0.0017967551009606866,0.2798629245978486,0.2104055360027756,0.03833648093247971,65,
1,0.4707421733877197,0.22159819380579393,2.635427128454334e-05,0.463001760818397,0.3350447628183477,0.035204475458503526,73,
2,0.23324086783535186,0.05440130242858807,0.045507706482350696,0.2670235180773094,0.19483824842692332,0.03654464417629647,74,
3,0.08393814828708678,0.0070456127378649685,0.4961617079140276,0.1708540542162557,0.13221070343868518,0.03930653567958113,68,
4,0.2043129677613118,0.04174378879543483,0.08515609666256203,0.2077173200035164,0.14641918336766768,0.037484408364790056,72,
