fold,pearson,r^2,pearson_p_val,spearman,kendall,rmse,n_vals,note
0,0.6489326957727736,0.4211136436429191,2.0507276596103412e-08,0.6600561495016075,0.4609273114730566,0.026610791578312528,60,
1,0.5507723720745669,0.3033502058406451,5.122614355812153e-06,0.6074267842616101,0.42658722806431626,0.024200587534408756,60,
2,0.5377448678720479,0.28916954292272623,1.9207167022008628e-05,0.5184970638897578,0.3430906543281674,0.028684533517554102,56,
3,0.42435087320645115,0.18007366359107757,0.0008093643916868804,0.41343965298039287,0.3085407300406672,0.028912977698083243,59,
4,0.5577667998168436,0.3111038029779229,3.13248928225452e-05,0.5673171298972155,0.39948968217883757,0.02807039140813788,49,
