fold,pearson,r^2,pearson_p_val,spearman,kendall,rmse,n_vals,note
0,0.5013280443832054,0.2513298080850892,7.11678886946961e-05,0.4792496875637204,0.3552384779192369,0.03645018795571453,57,
1,0.5765859441842408,0.33245135103083245,4.083467247521759e-06,0.5780664894211275,0.4304697524291771,0.03460608113814186,55,
2,0.5024441111935991,0.25245008487312576,2.7160775201650624e-05,0.5307945226750612,0.40893466733279216,0.0375917407537141,63,
3,0.39137781553770307,0.15317659449506432,0.0016580457705476206,0.4396903174074267,0.3364571294624773,0.04002480270738502,62,
4,0.5440443341219301,0.29598423749017433,4.0551530243918785e-06,0.5834364065036561,0.4375325492168162,0.03898036005772136,63,
