fold,pearson,r^2,pearson_p_val,spearman,kendall,rmse,n_vals,note
0,0.5361339618336822,0.28743962503148024,3.930638190380079e-10,0.4635959967811331,0.33550536364362893,0.024276748179516274,118,
1,0.5553873810681583,0.3084551430497477,1.179229718035939e-10,0.47247347343953566,0.35253255304269215,0.02311072187547859,115,
2,0.4791996414598843,0.22963229637528168,7.89695118235727e-08,0.4238544922838495,0.3145776461936778,0.0270216528144158,113,
3,0.4167459493445624,0.17367718629510057,4.400903785435843e-06,0.47712713878313556,0.3835894343118879,0.02843389083555724,113,
4,0.547031734813789,0.2992437188933835,3.6364136440504996e-10,0.5125971078007304,0.37599821020692215,0.025178585485440042,113,
