fold,split_name,target,pearson,r^2,pearson_p_val,spearman,kendall,rmse,n_vals,note
0,Xue_CAD_LNP_Xue_CAD_LNP_nan_in_vitro,toxicity,0.5335173396041536,0.2846407516582938,1.2572772474746888e-10,0.4959240184267112,0.36058298391091353,0.025285232217793035,126,
0,Lee_unsat_Lee_unsat_dendrimer_generic_cell_in_vitro,toxicity,0.6456496334153479,0.41686344912937306,1.1074331922523857e-08,0.6211462968212176,0.4808871847287479,0.030433720253973163,63,
