fold,split_name,target,pearson,r^2,pearson_p_val,spearman,kendall,rmse,n_vals,note
3,Xue_CAD_LNP_Xue_CAD_LNP_nan_in_vitro,toxicity,0.5217344297339411,0.2722068151698008,3.737840292747304e-10,0.5048657701103051,0.3682930438952629,0.024804691084102517,126,
3,Lee_unsat_Lee_unsat_dendrimer_generic_cell_in_vitro,toxicity,0.6625238767578985,0.43893788727431504,3.3320443955366746e-09,0.6170920075708719,0.46987654438149606,0.03480665052337303,63,
