fold,split_name,target,pearson,r^2,pearson_p_val,spearman,kendall,rmse,n_vals,note
1,Xue_CAD_LNP_Xue_CAD_LNP_nan_in_vitro,toxicity,0.965930138166159,0.933021031817695,1.1949367229461916e-74,0.9100829527342517,0.7821580494837342,0.009267797121759491,126,
1,Lee_unsat_Lee_unsat_dendrimer_nan_in_vitro,toxicity,0.9498491031130498,0.9022133186846651,1.708550001742229e-32,0.8685631550838152,0.721784865747254,0.015218814484789712,63,
1,Yu_Aminoglycoside_Siegwart_Amino_nan_in_vitro,toxicity,0.9652358655403491,0.9316802761254269,4.2446738340625643e-26,0.6293416679355835,0.5324029775571828,0.02156686226295202,44,
1,Zhang_Aminoglycoside_Zhang_Aminoglycoside_nan_in_vitro,toxicity,0.9676626325750718,0.9363709704821184,1.108787265122231e-17,0.926555905222765,0.8064483257974822,0.06763992536559602,29,
1,Farbiak_dendrimer_HeLa_Farbiak_dendrimer_HeLa_nan_in_vitro,toxicity,0.9903297707837728,0.98075305490064,9.357119350937601e-31,0.9873482294599447,0.9250723513683913,0.022316960330044586,36,
1,Farbiak_dendrimer_igrov1_Farbiak_dendrimer_igrov1_nan_in_vitro,toxicity,0.9945055925503676,0.9890413736139578,6.473229030455001e-35,0.9775806823698914,0.9146111016030193,0.027693215878430617,36,
