fold,split_name,target,pearson,r^2,pearson_p_val,spearman,kendall,rmse,n_vals,note
2,Xue_CAD_LNP_Xue_CAD_LNP_nan_in_vitro,toxicity,0.965930138166159,0.933021031817695,1.1949367229461916e-74,0.9100829527342517,0.7821580494837342,0.0092677971217595,126,
2,Lee_unsat_Lee_unsat_dendrimer_nan_in_vitro,toxicity,0.9498491031130499,0.9022133186846654,1.7085500017420076e-32,0.8685631550838152,0.721784865747254,0.01521881448478972,63,
2,Yu_Aminoglycoside_Siegwart_Amino_nan_in_vitro,toxicity,0.965235865540349,0.9316802761254267,4.2446738340625643e-26,0.6293416679355835,0.5324029775571828,0.021566862262952024,44,
2,Zhang_Aminoglycoside_Zhang_Aminoglycoside_nan_in_vitro,toxicity,0.9676626325750717,0.9363709704821181,1.108787265122231e-17,0.926555905222765,0.8064483257974822,0.06763992536559602,29,
2,Farbiak_dendrimer_HeLa_Farbiak_dendrimer_HeLa_nan_in_vitro,toxicity,0.9903297707837728,0.98075305490064,9.357119350937601e-31,0.9873482294599447,0.9250723513683913,0.02231696033004459,36,
2,Farbiak_dendrimer_igrov1_Farbiak_dendrimer_igrov1_nan_in_vitro,toxicity,0.9945055925503676,0.9890413736139578,6.473229030455001e-35,0.9775806823698914,0.9146111016030193,0.027693215878430613,36,
