fold,accuracy,kappa,log_loss,macro_f1,weighted_f1,macro_precision,macro_recall,n_vals,note
0,1.0,1.0,0.22894889980406982,1.0,1.0,1.0,1.0,12,
1,1.0,1.0,0.3473914494949492,1.0,1.0,1.0,1.0,24,
2,1.0,1.0,0.31773500973623037,1.0,1.0,1.0,1.0,24,
3,0.9375,0.9,0.3828870658627449,0.9153439153439153,0.9365079365079365,0.9333333333333332,0.9166666666666666,16,
4,0.95,0.9236641221374046,0.4148407781158815,0.9500891265597148,0.9508021390374332,0.9444444444444445,0.9629629629629629,20,
