fold,accuracy,kappa,log_loss,macro_f1,weighted_f1,macro_precision,macro_recall,n_vals,note
0,0.6458333333333334,0.4493927125506073,0.6438357885381382,0.684010840108401,0.6286585365853657,0.7222222222222222,0.8045977011494253,48,
1,0.72,0.5317725752508362,0.6240073444283832,0.7578849721706864,0.7113729128014842,0.7768817204301075,0.8390804597701149,50,
2,0.78,0.6444731738849385,0.55021835053686,0.7931955211024979,0.77528165374677,0.7893772893772893,0.8690476190476191,50,
3,0.5833333333333334,0.36381709741550694,0.6595748354890247,0.6019013666072489,0.5283348187759952,0.6904761904761904,0.7530864197530865,48,
4,0.5909090909090909,0.35922330097087385,0.7184804430154109,0.6123809523809524,0.5221428571428571,0.7272727272727272,0.7391304347826088,44,
