smiles,actual,predicted
CCN(C)C,-1.4022535434489454,0.498148576207312
C1=CN=CN1,1.630403767586188,0.5495253161676894
CCOC,1.0612189547331432,0.1978998751747112
CC(C)OC,1.326473922425125,0.442131642197111
CC(C)=O,-1.4491321828054076,-0.2695801890641826
