smiles,actual,predicted
CCN(C)C,-1.4915816347753117,-1.014843533786174
C1=CN=CN1,1.0723160786336268,0.1761492632047746
CCOC,-0.3104352137742142,-0.875840613386732
CC(C)OC,1.2151751596966835,-1.0878262070669047
CC(C)=O,-0.0318377535079417,-0.6134485983121252
