fold,note,pearson,r2,pearson_p_val,spearman,kendall,mse,mae,n_vals
0,,0.783508,0.280821,0.00257,0.577934,0.32062,0.001922,0.037532,12.0
1,,0.277213,-0.423344,0.015336,0.159867,0.11333,0.001833,0.034626,76.0
2,,0.340486,-1.540478,0.001999,0.060322,0.035555,0.003476,0.049704,80.0
3,,0.419266,-0.222569,7.2e-05,0.26822,0.191228,0.001757,0.033686,84.0
4,,0.388304,-0.368699,0.000262,0.216485,0.152127,0.001967,0.03562,84.0
Mean,,0.4417554000000001,-0.4548538,0.0040478,0.25656559999999995,0.162572,0.002191,0.0382336,67.2
