fold,note,pearson,r2,pearson_p_val,spearman,kendall,mse,mae,n_vals
0,,0.601266,0.130698,1e-06,0.514758,0.390137,0.001391,0.029543,56.0
1,,0.396788,-0.146016,0.002465,0.401762,0.324724,0.001402,0.030467,56.0
2,,0.488171,-0.123383,0.000181,0.35636,0.282641,0.001723,0.033254,54.0
3,,0.498501,-0.058247,0.000125,0.452899,0.355059,0.001755,0.032854,54.0
4,,0.471471,-0.110528,0.000143,0.411246,0.334448,0.001887,0.033794,60.0
Mean,,0.4912394000000001,-0.06149520000000001,0.0005830000000000001,0.427405,0.3374018,0.0016316,0.0319824,56.0
