fold,split_name,target,pearson,r^2,pearson_p_val,spearman,kendall,rmse,n_vals,note
0,Xue_CAD_LNP_Xue_CAD_LNP_nan_in_vitro,toxicity,0.36319915943271486,0.13191362941263063,3.1413356593905e-05,0.29046884770588477,0.2107418175313894,0.02359699823613291,125,
0,Aminoglycoside_Yu_Siegwart_Amino_nan_in_vitro,toxicity,0.5126104131732148,0.26276943569361394,0.0003743121847600158,0.4219166796828316,0.341874807963741,0.05878150588614057,44,
