fold,split_name,target,pearson,r^2,pearson_p_val,spearman,kendall,rmse,n_vals,note
1,Xue_CAD_LNP_Xue_CAD_LNP_nan_in_vitro,toxicity,0.34040883562493185,0.11587817537152187,0.00010261850108115655,0.2884690122946189,0.20958864753121764,0.023902869167238786,125,
1,Aminoglycoside_Yu_Siegwart_Amino_nan_in_vitro,toxicity,0.4802633178109099,0.23065285443474307,0.0009692054205107247,0.4527105984843273,0.36269966936254755,0.06346038046011868,44,
