fold,split_name,target,pearson,r^2,pearson_p_val,spearman,kendall,rmse,n_vals,note
1,Xue_CAD_LNP_Xue_CAD_LNP_nan_in_vitro,toxicity,0.4474949074989946,0.20025169223753375,1.4922541271969732e-07,0.4399669568880932,0.3225834025594771,0.026028210842181168,126,
1,Lee_unsat_Lee_unsat_dendrimer_generic_cell_in_vitro,toxicity,0.6015688962887981,0.36188513698212266,1.8458607979544756e-07,0.5568544972902831,0.4160126478304465,0.032957428083776476,63,
1,Yu_Aminoglycoside_Siegwart_Amino_nan_in_vitro,toxicity,0.531014519331345,0.2819764197406994,0.0002085368600404567,0.4165177458669849,0.3175791363318,0.06446911182581352,44,
1,Zhang_Aminoglycoside_Zhang_Aminoglycoside_nan_in_vitro,toxicity,0.8150554710823641,0.6643154209412945,7.308708654539072e-08,0.6747799156679731,0.49872462253265354,0.14599512967711292,29,
