fold,split_name,target,pearson,r^2,pearson_p_val,spearman,kendall,rmse,n_vals,note
2,Xue_CAD_LNP_Xue_CAD_LNP_nan_in_vitro,toxicity,0.43770318210603026,0.1915840756257447,2.971866118224755e-07,0.42964622136947755,0.3179022947118363,0.025758208281624482,126,
2,Lee_unsat_Lee_unsat_dendrimer_generic_cell_in_vitro,toxicity,0.6058036741977328,0.36699809167147285,1.434913661290474e-07,0.5618003887705169,0.4224241420084472,0.033374038161497095,63,
2,Yu_Aminoglycoside_Siegwart_Amino_nan_in_vitro,toxicity,0.5122604962131022,0.2624108159804937,0.0003783777945845371,0.40292043107151926,0.30716670563239673,0.06968389010461411,44,
2,Zhang_Aminoglycoside_Zhang_Aminoglycoside_nan_in_vitro,toxicity,0.804223924262938,0.6467761203568798,1.4712531120263287e-07,0.6813656055356035,0.5040302036234264,0.16119085490229823,29,
