fold,split_name,target,pearson,r^2,pearson_p_val,spearman,kendall,rmse,n_vals,note
4,Xue_CAD_LNP_Xue_CAD_LNP_nan_in_vitro,toxicity,0.4212933400366187,0.17748807835921004,8.991860713864714e-07,0.4224297454256642,0.3156994204305936,0.024186831277691497,126,
4,Lee_unsat_Lee_unsat_dendrimer_generic_cell_in_vitro,toxicity,0.5966382899311832,0.3559772490120066,2.4635707315547116e-07,0.5131310885136988,0.3799123767377218,0.03528937403664846,63,
4,Yu_Aminoglycoside_Siegwart_Amino_nan_in_vitro,toxicity,0.45839349563769943,0.21012459684294957,0.0017526807633009896,0.47970526756356063,0.37311210006195084,0.07087880664457583,44,
4,Zhang_Aminoglycoside_Zhang_Aminoglycoside_nan_in_vitro,toxicity,0.7907477423614594,0.625281992049745,3.316124915653709e-07,0.6813656055356035,0.5040302036234264,0.13071049287430467,29,
