fold,pearson,r2,pearson_p_val,spearman,kendall,mse,mae,n_vals
0,0.878898,0.699969,0.0,0.587806,0.468255,0.002992,0.035618,859
1,0.892052,0.737164,0.0,0.601906,0.478658,0.003118,0.036129,859
2,0.871382,0.686754,0.0,0.56883,0.454562,0.0033,0.036703,852
3,0.89286,0.737351,0.0,0.609507,0.489002,0.002977,0.034526,863
4,0.886995,0.720498,0.0,0.600798,0.479015,0.002849,0.035591,863
