fold,pearson,r2,pearson_p_val,spearman,kendall,mse,mae,n_vals
0,0.890478,0.692237,0.0,0.662364,0.524948,0.001266,0.028312,850
1,0.883841,0.689128,0.0,0.649949,0.509253,0.00128,0.0272,848
2,0.624682,-0.273249,0.0,0.52756,0.404698,0.001585,0.032936,785
3,0.890161,0.692118,0.0,0.6255,0.494824,0.001183,0.027048,930
4,0.899601,0.706176,0.0,0.605596,0.474479,0.001221,0.027705,835
