fold,pearson,pearson_p_val,spearman,kendall,rmse,n_vals
0,0.879839893743025,3.779015349767507e-158,0.6970545686579902,0.5410889543797969,0.04257275955805805,485
1,0.8844236045291425,5.640888020831125e-162,0.6992630014995863,0.5420700820653712,0.04175001255625208,485
2,0.8727104666823856,1.6892206849603902e-152,0.6973403768760433,0.5398348275692569,0.04460368447440634,485
3,0.9374593667445082,5.871888786650202e-224,0.7986059819360063,0.6374841624481352,0.027778456145319236,486
4,0.8135152442927704,5.085014152933299e-116,0.6229741082829614,0.4801455799163447,0.061057021019289434,486
