fold,split_name,target,pearson,r^2,pearson_p_val,spearman,kendall,rmse,n_vals,note
0,Miller_Zwitter_Miller_ZAL_nan_in_vitro,toxicity,0.9999247859502297,0.9998495775576127,3.694280487919073e-99,0.7947248173033326,0.6992883622388582,0.001196143048595166,53,
0,Lee_unsat_Lee_unsat_dendrimer_nan_in_vitro,toxicity,0.9169166770463069,0.8407361926456414,3.261816672680231e-25,0.8703589986927259,0.7599465397177367,0.014688842959588925,61,
0,Xue_CAD_LNP_Xue_CAD_LNP_nan_in_vitro,toxicity,0.9986968090085766,0.9973953163239133,2.165450600221351e-141,0.947424457120806,0.8726595608349216,0.0016292493139786516,110,
0,Yu_Aminoglycoside_Siegwart_Amino_nan_in_vitro,toxicity,0.9999610077754004,0.9999220170711944,6.602936489017021e-88,0.7048608037355362,0.6091271959150919,0.0006601585314854704,44,
0,Zhang_Aminoglycoside_Zhang_Aminoglycoside_nan_in_vitro,toxicity,0.9999898509951762,0.9999797020933547,6.805089492130534e-65,0.9725222146535163,0.9296222517045282,0.0010733643779184516,29,
