fold,split_name,target,pearson,r^2,pearson_p_val,spearman,kendall,rmse,n_vals,note
1,Miller_Zwitter_Miller_ZAL_nan_in_vitro,toxicity,0.9991529428500578,0.998306603205931,1.9178082710449087e-58,0.7879456310558935,0.6899035426838311,0.0013545533240912951,43,
1,Lee_unsat_Lee_unsat_dendrimer_nan_in_vitro,toxicity,0.9252780825719542,0.8561395300880321,8.046957042204781e-25,0.9120649723201467,0.810094798454533,0.015271084207592423,57,
1,Xue_CAD_LNP_Xue_CAD_LNP_nan_in_vitro,toxicity,0.9976284948734089,0.9952626137833832,7.993834236475005e-145,0.9394156905899699,0.8595421061774293,0.00205092860691927,125,
1,Yu_Aminoglycoside_Siegwart_Amino_nan_in_vitro,toxicity,0.999944827848795,0.9998896587415563,9.666072206836046e-85,0.7048608037355362,0.6091271959150919,0.0008281646144942881,44,
1,Zhang_Aminoglycoside_Zhang_Aminoglycoside_nan_in_vitro,toxicity,0.9999941422101317,0.9999882844545771,4.078816196882971e-68,0.9725222146535163,0.9296222517045282,0.0008607053258602579,29,
