,Yu_Aminoglycoside,Han_amidine,Han_branched,Han_a3,Lee_unsat,Xue_CAD_LNP,Zhang_Aminoglycoside,Lin_peptide,Liu_iphos
0,0.43126355096210534,0.8997026525133729,0.05725008410980963,0.6843466938775666,0.01257461263598137,0.0006085362739444854,,,
1,0.7572595669534063,0.585585228844036,0.023990937193189503,0.2790856387229729,0.02023295276723046,0.0004457126700768064,,,
2,0.24132242672557241,0.7257813528121203,0.29436759554044045,0.016131881201946786,0.004206560501865646,0.0003111902278765374,,,
3,0.8774376253347389,0.7829095038275082,0.1251334969458614,0.0056524506611494475,0.0034984615025892437,0.00020892270470785295,,,
4,0.33570449609070907,0.6623864317559403,0.02629065801992973,0.011983871652211472,0.00396784473479305,0.0013328638162409564,,,
