fold,note,pearson,r2,pearson_p_val,spearman,kendall,mse,mae,n_vals
0,,0.903983,0.792716,0.0,0.901383,0.720378,0.208184,0.349298,713.0
1,,0.890896,0.771082,0.0,0.888356,0.70268,0.237491,0.373006,702.0
2,,0.897234,0.776267,0.0,0.898972,0.716629,0.222426,0.364996,692.0
3,,0.898395,0.779502,0.0,0.900799,0.718499,0.220971,0.361558,698.0
4,,0.893694,0.772605,0.0,0.892644,0.708456,0.227259,0.36647,679.0
Mean,,0.8968404,0.7784344,0.0,0.8964308000000001,0.7133284,0.22326620000000003,0.3630656,696.8
