fold,note,pearson,r2,pearson_p_val,spearman,kendall,mse,mae,n_vals
0,,0.933293,0.835437,0.0,0.926576,0.818396,0.184149,0.357106,53.0
1,,0.91441,0.800459,0.0,0.927544,0.816361,0.201108,0.364811,60.0
2,,0.896601,0.776276,0.0,0.891316,0.767697,0.208458,0.360912,57.0
3,,0.918015,0.816132,0.0,0.924626,0.813469,0.195781,0.36158,60.0
4,,0.90935,0.787228,0.0,0.912437,0.79898,0.192993,0.355127,58.0
Mean,,0.9143338,0.8031064000000001,0.0,0.9164997999999999,0.8029806,0.1964978,0.3599072,57.6
