fold,note,pearson,r2,pearson_p_val,spearman,kendall,mse,mae,n_vals
0,,0.911745,0.780562,0.0,0.918377,0.748692,0.214675,0.366631,478.0
1,,0.906502,0.771468,0.0,0.910162,0.738396,0.228664,0.383627,448.0
2,,0.903741,0.770345,0.0,0.909476,0.737998,0.227887,0.374279,464.0
3,,0.916356,0.794396,0.0,0.920439,0.752909,0.203529,0.362861,466.0
4,,0.899501,0.756173,0.0,0.899119,0.721475,0.233699,0.388358,468.0
Mean,,0.907569,0.7745888,0.0,0.9115146,0.7398939999999999,0.22169080000000002,0.37515119999999996,464.8
