fold,note,pearson,r2,pearson_p_val,spearman,kendall,mse,mae,n_vals
0,,0.869171,0.73912,0.0,0.871176,0.743638,0.265126,0.429658,377.0
1,,0.873778,0.74554,0.0,0.872673,0.745133,0.254979,0.421486,371.0
2,,0.860975,0.723445,0.0,0.866691,0.738295,0.277055,0.441183,364.0
3,,0.87064,0.740536,0.0,0.870082,0.741755,0.247646,0.409469,372.0
4,,0.863553,0.726302,0.0,0.861799,0.733948,0.26908,0.425199,380.0
Mean,,0.8676234,0.7349886,0.0,0.8684841999999999,0.7405538,0.26277720000000004,0.42539899999999997,372.8
