fold,note,pearson,r2,pearson_p_val,spearman,kendall,mse,mae,n_vals
0,,0.846792,0.690542,0.0,0.823894,0.635307,0.297411,0.428207,688.0
1,,0.834259,0.672328,0.0,0.808881,0.624345,0.327929,0.445396,728.0
2,,0.846317,0.693875,0.0,0.829508,0.645461,0.314772,0.430604,733.0
3,,0.84532,0.688732,0.0,0.833409,0.645145,0.29815,0.423374,714.0
4,,0.83767,0.674036,0.0,0.823486,0.637795,0.323019,0.449466,725.0
Mean,,0.8420716,0.6839026,0.0,0.8238356000000001,0.6376106,0.31225620000000004,0.4354094,717.6
