fold,split_name,target,pearson,r^2,pearson_p_val,spearman,kendall,rmse,n_vals,note
0,Xue_CAD_LNP_Xue_CAD_LNP_nan_in_vitro,toxicity,0.27099645564675734,0.07343907897310492,0.0021459154804374355,0.28673536933971044,0.1996988882762158,0.026372721816198017,126,
0,Lee_unsat_Lee_unsat_dendrimer_nan_in_vitro,toxicity,0.015053000204291983,0.0002265928151504145,0.9067859562822133,-0.010029713740585254,0.008032581971750044,0.04375689902252814,63,
0,Yu_Aminoglycoside_Siegwart_Amino_nan_in_vitro,toxicity,0.5374005656859121,0.2887993679995383,0.0001688790719168422,0.570327572997052,0.4638437466379052,0.06736017343011097,44,
0,Zhang_Aminoglycoside_Zhang_Aminoglycoside_nan_in_vitro,toxicity,0.5467513543708952,0.2989370435064082,0.0021479628817441102,0.4957342226338304,0.32770133870365464,0.210684548667612,29,
0,Farbiak_dendrimer_HeLa_Farbiak_dendrimer_HeLa_nan_in_vitro,toxicity,0.780012996794766,0.6084202751687516,2.048269219774362e-08,0.7884691478820579,0.634083887286699,0.15736313279939482,36,
0,Farbiak_dendrimer_igrov1_Farbiak_dendrimer_igrov1_nan_in_vitro,toxicity,0.7996440690842126,0.639430637221557,4.924387410180226e-09,0.8687965101753731,0.7018205781087382,0.1980574692687343,36,
