fold,split_name,target,pearson,r^2,pearson_p_val,spearman,kendall,rmse,n_vals,note
1,Xue_CAD_LNP_Xue_CAD_LNP_nan_in_vitro,toxicity,0.2709964556467549,0.07343907897310359,0.002145915480437673,0.28673536933971044,0.1996988882762158,0.026372721816198028,126,
1,Lee_unsat_Lee_unsat_dendrimer_nan_in_vitro,toxicity,0.015053000204284565,0.00022659281515019118,0.9067859562822589,-0.010029713740585254,0.008032581971750044,0.043756899022528155,63,
1,Yu_Aminoglycoside_Siegwart_Amino_nan_in_vitro,toxicity,0.5374005656859127,0.2887993679995389,0.00016887907191683973,0.570327572997052,0.4638437466379052,0.06736017343011091,44,
1,Zhang_Aminoglycoside_Zhang_Aminoglycoside_nan_in_vitro,toxicity,0.5467513543708921,0.29893704350640476,0.0021479628817442638,0.4957342226338304,0.32770133870365464,0.21068454866761208,29,
1,Farbiak_dendrimer_HeLa_Farbiak_dendrimer_HeLa_nan_in_vitro,toxicity,0.7800129967947667,0.6084202751687526,2.0482692197742657e-08,0.7884691478820579,0.634083887286699,0.15736313279939484,36,
1,Farbiak_dendrimer_igrov1_Farbiak_dendrimer_igrov1_nan_in_vitro,toxicity,0.7996440690842118,0.6394306372215557,4.92438741018048e-09,0.8687965101753731,0.7018205781087382,0.1980574692687343,36,
