fold,split_name,target,pearson,r^2,pearson_p_val,spearman,kendall,rmse,n_vals,note
3,Xue_CAD_LNP_Xue_CAD_LNP_nan_in_vitro,toxicity,0.27099645564675373,0.07343907897310296,0.0021459154804377707,0.28673536933971044,0.1996988882762158,0.02637272181619803,126,
3,Lee_unsat_Lee_unsat_dendrimer_nan_in_vitro,toxicity,0.015053000204288354,0.00022659281515030524,0.906785956282237,-0.010029713740585254,0.008032581971750044,0.04375689902252813,63,
3,Yu_Aminoglycoside_Siegwart_Amino_nan_in_vitro,toxicity,0.5374005656859173,0.2887993679995439,0.00016887907191681355,0.570327572997052,0.4638437466379052,0.0673601734301109,44,
3,Zhang_Aminoglycoside_Zhang_Aminoglycoside_nan_in_vitro,toxicity,0.5467513543708935,0.2989370435064064,0.0021479628817441935,0.4957342226338304,0.32770133870365464,0.21068454866761196,29,
3,Farbiak_dendrimer_HeLa_Farbiak_dendrimer_HeLa_nan_in_vitro,toxicity,0.7800129967947649,0.6084202751687499,2.0482692197745182e-08,0.7884691478820579,0.634083887286699,0.15736313279939482,36,
3,Farbiak_dendrimer_igrov1_Farbiak_dendrimer_igrov1_nan_in_vitro,toxicity,0.7996440690842145,0.63943063722156,4.924387410179477e-09,0.8687965101753731,0.7018205781087382,0.1980574692687342,36,
