smiles,quantified_delivery,quantified_toxicity
CCN(C)C,0.3015446900813739,-0.29696998572986744
C1=CN=CN1,0.352408773305894,-0.35863330126759024
CCOC,0.20078885841932104,-0.30569318111830873
CC(C)OC,0.28308909366924856,-0.3030078347166936
CC(C)=O,0.26144126456163713,-0.23494887959805982
N(CCC(=O)OCCOC(=O)C(C)CSCC/C=C/CC)(CCC(=O)OCCOC(=O)C(C)CSCC/C=C/CC)CCCN1CCN(C)CC1,0.030755759504027327,0.18905972316173736
N(CCC(=O)OCCOC(=O)C(C)CSCC/C=C\CC)(CCC(=O)OCCOC(=O)C(C)CSCC/C=C\CC)CCCN1CCN(C)CC1,0.02857210956357681,0.18976071344186024
N(CCC(=O)OCCOC(=O)C(C)CSC/C=C\CCC)(CCC(=O)OCCOC(=O)C(C)CSC/C=C\CCC)CCN(C)C,0.015112515575049203,0.2139287204633587
OCCN(CCC(=O)OCCOC(=O)C(C)CSCCC(C)CCC=C(C)C)CCCN(CCC(=O)OCCOC(=O)C(C)CSCCC(C)CCC=C(C)C)(CCC(=O)OCCOC(=O)C(C)CSCCC(C)CCC=C(C)C),0.10747130573575543,0.17231128504288812
