smiles,quantified_delivery,quantified_toxicity
CCN(C)C,-0.15672237709190023,-0.16965926579076315
C1=CN=CN1,-0.1389565421389526,0.33313219798075433
CCOC,-0.1372889037096398,-0.13332658608445438
CC(C)OC,-0.165698948201553,-0.16526374817523956
CC(C)=O,-0.23161600488831113,-2.9367732083247083e-05
N(CCC(=O)OCCOC(=O)C(C)CSCC/C=C/CC)(CCC(=O)OCCOC(=O)C(C)CSCC/C=C/CC)CCCN1CCN(C)CC1,-0.1597732338686334,0.004009885801394393
N(CCC(=O)OCCOC(=O)C(C)CSCC/C=C\CC)(CCC(=O)OCCOC(=O)C(C)CSCC/C=C\CC)CCCN1CCN(C)CC1,-0.16091636933388093,0.0035750879809765893
N(CCC(=O)OCCOC(=O)C(C)CSC/C=C\CCC)(CCC(=O)OCCOC(=O)C(C)CSC/C=C\CCC)CCN(C)C,-0.17817219153221986,0.029018636949339052
OCCN(CCC(=O)OCCOC(=O)C(C)CSCCC(C)CCC=C(C)C)CCCN(CCC(=O)OCCOC(=O)C(C)CSCCC(C)CCC=C(C)C)(CCC(=O)OCCOC(=O)C(C)CSCCC(C)CCC=C(C)C),-0.07732872951222063,-0.005528041540283803
