smiles,quantified_delivery,quantified_toxicity
CCN(C)C,-0.0009023366272855327,-0.1428489590174419
C1=CN=CN1,0.09307099796537635,-0.0004874195977873086
CCOC,-0.07405992630392905,-0.13413147683320753
CC(C)OC,0.012106550559794857,-0.14925272873002737
CC(C)=O,-0.024181163950420526,-0.13359650866737086
N(CCC(=O)OCCOC(=O)C(C)CSCC/C=C/CC)(CCC(=O)OCCOC(=O)C(C)CSCC/C=C/CC)CCCN1CCN(C)CC1,-0.1540271217546657,0.18207920451890364
N(CCC(=O)OCCOC(=O)C(C)CSCC/C=C\CC)(CCC(=O)OCCOC(=O)C(C)CSCC/C=C\CC)CCCN1CCN(C)CC1,-0.15343137201228876,0.1802376906048898
N(CCC(=O)OCCOC(=O)C(C)CSC/C=C\CCC)(CCC(=O)OCCOC(=O)C(C)CSC/C=C\CCC)CCN(C)C,-0.1906370735010701,0.16595008682104195
OCCN(CCC(=O)OCCOC(=O)C(C)CSCCC(C)CCC=C(C)C)CCCN(CCC(=O)OCCOC(=O)C(C)CSCCC(C)CCC=C(C)C)(CCC(=O)OCCOC(=O)C(C)CSCCC(C)CCC=C(C)C),0.006720474303089724,0.16025540849242104
