smiles,quantified_delivery,quantified_toxicity
CCN(C)C,0.06985859454632314,0.003844455933547472
C1=CN=CN1,-0.07760513825470128,-0.01921929784747692
CCOC,0.03798989631799577,0.03879662647233793
CC(C)OC,0.08109242869258498,-0.025061314576062865
CC(C)=O,-0.04397955667836298,0.0455319852419198
N(CCC(=O)OCCOC(=O)C(C)CSCC/C=C/CC)(CCC(=O)OCCOC(=O)C(C)CSCC/C=C/CC)CCCN1CCN(C)CC1,0.12029007323862076,0.1568643158564894
N(CCC(=O)OCCOC(=O)C(C)CSCC/C=C\CC)(CCC(=O)OCCOC(=O)C(C)CSCC/C=C\CC)CCCN1CCN(C)CC1,0.11914788041222964,0.15463984863445845
N(CCC(=O)OCCOC(=O)C(C)CSC/C=C\CCC)(CCC(=O)OCCOC(=O)C(C)CSC/C=C\CCC)CCN(C)C,0.09091311793544236,0.14348370575184521
OCCN(CCC(=O)OCCOC(=O)C(C)CSCCC(C)CCC=C(C)C)CCCN(CCC(=O)OCCOC(=O)C(C)CSCCC(C)CCC=C(C)C)(CCC(=O)OCCOC(=O)C(C)CSCCC(C)CCC=C(C)C),0.1810338414236614,0.15968951575363294
