fold,pearson,pearson_p_val,spearman,kendall,rmse,n_vals
0,0.9827347567645297,2.318231799231941e-245,0.8824904523332323,0.7689167649117571,0.026337249928798958,334
1,0.9827347567645297,2.318231799231941e-245,0.8824904523332323,0.7689167649117571,0.026337249928798958,334
2,0.9827347567645296,2.318231799236848e-245,0.8824904523332323,0.7689167649117571,0.026337249928798965,334
3,0.9827347567645298,2.3182317992269885e-245,0.8824904523332323,0.7689167649117571,0.02633724992879896,334
