fold,pearson,r^2,pearson_p_val,spearman,kendall,rmse,n_vals,note
0,0.6799762552228914,0.46236770766694674,2.3008054164152456e-09,0.6886699450937863,0.49929160552916146,0.02428399007718283,60,
1,0.5602230264786143,0.31384983939685823,3.247289428923522e-06,0.6089228746266526,0.43503198280025035,0.024276158518416614,60,
2,0.6092764809995239,0.3712178302991632,6.253588447885052e-07,0.6058668686597221,0.4146262055772204,0.026167415658904642,56,
3,0.8085376911180432,0.6537331979584963,9.63360736067577e-15,0.7562369612128796,0.5482882608466415,0.01848734338217852,59,
4,0.6131170094059152,0.3759124672228531,2.8224709447680176e-06,0.6216327366409485,0.4344134641529255,0.026810397576059658,49,
