fold,pearson,r^2,pearson_p_val,spearman,kendall,rmse,n_vals,note
0,0.5937490393317817,0.35253792170741366,1.3774782208591125e-12,0.5029725906231854,0.3616816542818795,0.02309559706993874,118,
1,0.5423341193276122,0.2941262969868567,3.8424511185379176e-10,0.46348675477916773,0.3494177062751482,0.023342713210443494,115,
2,0.546294774984398,0.2984379811752541,3.8808382850870313e-10,0.42190958559790986,0.3118231060892126,0.025222411652927323,113,
3,0.714701828249854,0.5107987033036837,6.12533672443754e-19,0.6227507042967922,0.4610018967152155,0.018888975627597303,113,
4,0.45202458242510496,0.20432622311659052,5.012570836076754e-07,0.40316954076791334,0.3444987664471559,0.027521142762588387,113,
