fold,split_name,target,pearson,r^2,pearson_p_val,spearman,kendall,rmse,n_vals,note
0,Xue_CAD_LNP_Xue_CAD_LNP_nan_in_vitro,toxicity,0.43473621458395295,0.18899557627078478,3.64626690862288e-07,0.43098810250041797,0.3132211868641956,0.026197696541046634,126,
0,Lee_unsat_Lee_unsat_dendrimer_generic_cell_in_vitro,toxicity,0.5142774357268471,0.2644812808977814,1.62161306649352e-05,0.5564900308187335,0.40856338554147154,0.03452084693966071,63,
0,Yu_Aminoglycoside_Siegwart_Amino_nan_in_vitro,toxicity,0.5049826084626333,0.2550074348497252,0.00047246861352274224,0.4277155345220743,0.3279915670312033,0.0701627720603358,44,
0,Zhang_Aminoglycoside_Zhang_Aminoglycoside_nan_in_vitro,toxicity,0.813232828677983,0.6613476336395936,8.247567908048435e-08,0.6889644784597925,0.5146413658049722,0.12360238536936637,29,
