fold,split_name,target,pearson,r^2,pearson_p_val,spearman,kendall,rmse,n_vals,note
3,Xue_CAD_LNP_Xue_CAD_LNP_nan_in_vitro,toxicity,0.44442088613756425,0.19750992403529785,1.8568695057564427e-07,0.4401524704084997,0.3245109175555644,0.024738503915958363,126,
3,Lee_unsat_Lee_unsat_dendrimer_generic_cell_in_vitro,toxicity,0.5901271647449235,0.34825007056988216,3.5804274878730247e-07,0.5657273707011106,0.42288888994334645,0.0334734719183345,63,
3,Yu_Aminoglycoside_Siegwart_Amino_nan_in_vitro,toxicity,0.4994301802191166,0.2494305049136993,0.0005578560030310396,0.42571592940509406,0.3279915670312033,0.05880949079350585,44,
3,Zhang_Aminoglycoside_Zhang_Aminoglycoside_nan_in_vitro,toxicity,0.8118291485996617,0.6590665665160517,9.044040737525765e-08,0.6737667326114146,0.4881134603511077,0.12751954237580257,29,
