fold,accuracy,kappa,log_loss,macro_f1,weighted_f1,macro_precision,macro_recall,n_vals,note
0,0.875,0.8,0.47562262887828394,0.8916666666666666,0.8796875,0.8888888888888888,0.9259259259259259,16,
1,0.6,0.3869731800766283,0.6876706148152665,0.5521929824561403,0.5932236842105263,0.6538461538461539,0.5959595959595959,20,
2,0.8,0.6475770925110131,0.6061836369141128,0.7009661835748792,0.790072463768116,0.7077922077922079,0.7222222222222223,20,
3,0.95,0.9137931034482759,0.51128994991075,0.9484702093397747,0.9516908212560388,0.9333333333333332,0.9722222222222222,20,
4,0.85,0.7457627118644068,0.5800906493271112,0.8030303030303031,0.8537878787878788,0.7936507936507936,0.8333333333333334,20,
