fold,pearson,r2,pearson_p_val,spearman,kendall,mse,mae,n_vals
0,0.860298,0.612678,0.0,0.609112,0.4802,0.001594,0.031125,850
1,0.868052,0.656333,0.0,0.610685,0.473523,0.001415,0.028805,848
2,0.523592,-0.902353,0.0,0.461403,0.35216,0.002369,0.041841,785
3,0.873528,0.640463,0.0,0.588685,0.462382,0.001381,0.029429,930
4,0.875318,0.653258,0.0,0.565113,0.441755,0.001441,0.029167,835
