fold,note,pearson,r2,pearson_p_val,spearman,kendall,mse,mae,n_vals
0,,0.92212,0.809557,0.0,0.835905,0.68005,0.002908,0.038009,57.0
1,,0.926282,0.814711,0.0,0.835146,0.67921,0.003484,0.042409,57.0
2,,0.915225,0.799787,0.0,0.806732,0.652509,0.003599,0.044034,66.0
3,,0.9298,0.830621,0.0,0.832567,0.67157,0.002848,0.03982,60.0
4,,0.926841,0.813962,0.0,0.841552,0.665158,0.002933,0.041805,60.0
Mean,,0.9240535999999999,0.8137276,0.0,0.8303803999999999,0.6696994000000001,0.0031544000000000003,0.0412154,60.0
