fold,note,pearson,r2,pearson_p_val,spearman,kendall,mse,mae,n_vals
0,,0.83803,0.577659,0.0,0.518922,0.400053,0.018079,0.080613,48.0
1,,0.884062,0.643667,0.0,0.718468,0.589219,0.017317,0.083039,45.0
2,,0.857308,0.610123,0.0,0.640524,0.514736,0.017198,0.082186,50.0
3,,0.903357,0.709255,0.0,0.717449,0.596809,0.013895,0.07338,48.0
4,,0.917975,0.736109,0.0,0.677707,0.534502,0.011134,0.067286,45.0
Mean,,0.8801463999999999,0.6553625999999999,0.0,0.6546139999999999,0.5270638,0.015524600000000003,0.0773008,47.2
