fold,note,pearson,r2,pearson_p_val,spearman,kendall,mse,mae,n_vals
0,,0.414975,0.035348,5e-06,0.265217,0.188915,0.000689,0.023033,112.0
1,,0.448963,0.06746,1e-06,0.331491,0.24204,0.000653,0.022125,113.0
2,,0.498709,0.156024,0.0,0.34038,0.249762,0.000585,0.020857,110.0
3,,0.420064,0.060466,2e-06,0.241931,0.177483,0.000635,0.021166,117.0
4,,0.424457,0.071566,2e-06,0.363939,0.270079,0.000635,0.022102,116.0
Mean,,0.4414336,0.07817280000000001,2e-06,0.3085916,0.22565580000000002,0.0006394,0.0218566,113.6
