dataset_ID,target,n,pearson,pearson_p_val,kendall,spearman,rmse,note
Xue_CAD_LNP_Xue_CAD_LNP_nan_nan,quantified_toxicity,18,-0.0006324601717288472,0.9980127551726239,-0.006535947712418302,-0.09184726522187822,0.5870348973636891,insufficient_data
Lee_unsat_dendrimer_Lee_unsat_dendrimer_generic_cell_in_vitro,quantified_delivery,12,0.5822657313098349,0.04698319015009103,0.5201564866102993,0.630341132074124,1.2755627128220088,insufficient_data
