fold,note,pearson,r2,pearson_p_val,spearman,kendall,mse,mae,n_vals
0,,0.809842,0.40589,0.001409,0.479861,0.290085,0.001588,0.034189,12.0
1,,0.380342,-0.259848,0.000701,0.294762,0.215365,0.001623,0.032113,76.0
2,,0.429185,-0.729214,7.1e-05,0.212764,0.162386,0.002366,0.038691,80.0
3,,0.510357,-0.052686,1e-06,0.334015,0.245872,0.001513,0.031311,84.0
4,,0.48956,-0.198949,2e-06,0.316115,0.231212,0.001723,0.033442,84.0
Mean,,0.5238571999999999,-0.1669614,0.00043679999999999994,0.3275034,0.228984,0.0017626000000000002,0.0339492,67.2
