fold,note,pearson,r2,pearson_p_val,spearman,kendall,mse,mae,n_vals
0,,0.55884,0.134169,0.0,0.404353,0.294375,0.000502,0.019713,116.0
1,,0.434982,0.016369,1e-06,0.208009,0.141636,0.000532,0.020058,117.0
2,,0.509641,-0.709991,0.0,0.282645,0.207515,0.001195,0.031367,125.0
3,,0.638059,0.229039,0.0,0.449156,0.341273,0.000613,0.021753,91.0
4,,0.56741,0.114571,0.0,0.346484,0.258052,0.000609,0.021527,111.0
Mean,,0.5417864,-0.043168599999999994,2e-07,0.3381294,0.2485702,0.0006902,0.0228836,112.0
