fold,note,pearson,r2,pearson_p_val,spearman,kendall,mse,mae,n_vals
0,,0.938193,0.634364,0.0,0.523664,0.437042,0.001784,0.036588,28.0
1,,0.84495,0.257298,0.0,0.528581,0.437042,0.001945,0.038165,28.0
2,,0.888304,0.158313,0.0,0.5416,0.454905,0.004503,0.058854,34.0
3,,0.916317,0.651319,0.0,0.540266,0.446442,0.002131,0.037468,29.0
4,,0.927172,0.431018,0.0,0.744259,0.653047,0.004941,0.062767,17.0
Mean,,0.9029871999999999,0.4264624,0.0,0.575674,0.4856956,0.0030608000000000002,0.0467684,27.2
