fold,split_name,target,pearson,r^2,pearson_p_val,spearman,kendall,rmse,n_vals,note
0,Xue_CAD_LNP_Xue_CAD_LNP_nan_in_vitro,toxicity,0.9985407163607507,0.9970835622302412,2.804005426522384e-141,0.9576889820204221,0.8857887700150018,0.0017969820249392936,112,
0,Miller_Zwitter_Miller_ZAL_nan_in_vitro,toxicity,0.9999188405932194,0.9998376877732882,2.0195485245147023e-77,0.9227491746991333,0.8443393928044762,0.0014488762235746536,42,
0,Han_amidine_Han_amidine_nan_in_vitro,toxicity,0.9987783074836808,0.997558107499966,1.469965351997835e-90,0.9882259905309576,0.9463990396468426,0.0024106758708784836,70,
0,Han_branched_Han_branched_nan_in_vitro,toxicity,0.9769117899641223,0.9543566453709055,9.980882278341733e-26,0.961359544457069,0.8634758952432559,0.015410324035613661,38,
0,Lee_unsat_Lee_unsat_dendrimer_nan_in_vitro,toxicity,0.96644606073158,0.9340179883035888,2.454878729121445e-35,0.9172615839000746,0.8098300643157741,0.010748052886764892,59,
0,Yu_Aminoglycoside_Siegwart_Amino_nan_in_vitro,toxicity,0.9998790686259359,0.999758151876269,1.3873239417073378e-77,0.7046856740233322,0.6059767540649441,0.0010613118466787654,44,
0,Zhang_Aminoglycoside_Zhang_Aminoglycoside_nan_in_vitro,toxicity,0.9999918190642137,0.9999836381953552,3.706486310693125e-66,0.9725222146535163,0.9296222517045282,0.0009556257593150274,29,
