fold,split_name,target,pearson,r^2,pearson_p_val,spearman,kendall,rmse,n_vals,note
2,Han_amidine_Han_amidine_nan_in_vitro,toxicity,0.9988859662326577,0.9977731735365502,6.224290543877485e-88,0.9840303335021864,0.9350529193377813,0.0023267597291605512,67,
2,Xue_CAD_LNP_Xue_CAD_LNP_nan_in_vitro,toxicity,0.9978846963918456,0.995773867293046,8.512956827676023e-135,0.9371417380956746,0.8529773838907491,0.0020315372904602374,114,
2,Miller_Zwitter_Miller_ZAL_nan_in_vitro,toxicity,0.9996652837845487,0.9993306796040422,4.083341083526542e-65,0.8693427552615406,0.7819187530664145,0.0014112178741857528,42,
2,Lee_unsat_Lee_unsat_dendrimer_nan_in_vitro,toxicity,0.9293149227914344,0.8636262257228496,1.2126024646742557e-27,0.9037606732744449,0.793578023634408,0.01521819629094497,62,
2,Han_branched_Han_branched_nan_in_vitro,toxicity,0.9580379825399402,0.9178367759891988,1.4165521174767603e-20,0.919186535574455,0.7843146176312066,0.017991029065722645,37,
2,Yu_Aminoglycoside_Siegwart_Amino_nan_in_vitro,toxicity,0.9998261225152582,0.999652275263896,2.8428239898968495e-74,0.7048856415812277,0.6094494002200441,0.001325131462233525,44,
2,Zhang_Aminoglycoside_Zhang_Aminoglycoside_nan_in_vitro,toxicity,0.9999882943120424,0.999976588761108,4.671667655281406e-64,0.972402438532038,0.9284766908852591,0.0011069268295559685,29,
