fold,pearson,pearson_p_val,spearman,kendall,rmse,n_vals
0,0.3914687795473773,0.0015107145097020317,0.3668797022555718,0.26150514211518155,0.03758569709748528,63
1,0.39417438937265925,0.001391060934439039,0.38037531222271254,0.2805670203559237,0.038956739393085346,63
2,0.3941740823222169,0.0013910740155985487,0.38037531222271254,0.2805670203559237,0.038956750579142135,63
