fold,pearson,r^2,pearson_p_val,spearman,kendall,rmse,n_vals,note
0,0.7595832390855727,0.5769666970997303,1.7673339943839233e-06,0.6809412399388138,0.5165533526967033,0.15634545434417754,29,
1,0.7749245805474474,0.6005081055366372,8.014100779685029e-07,0.6938625542943425,0.5259005881071331,0.1527620477467684,29,
2,0.732037741924252,0.5358792556015577,6.3833433599542315e-06,0.6735920415918747,0.5112280604008611,0.16812537944344336,29,
3,0.7753298068524938,0.6011363093939253,7.841959228319042e-07,0.6984224396456744,0.5365248424123277,0.1501088767857124,29,
4,0.7825652423310409,0.6124083585046407,5.281182727901664e-07,0.7018825624309135,0.5358636901680638,0.14872881845617308,29,
