fold,pearson,pearson_p_val,spearman,mse,mae,n_vals
0,0.661262,9.4e-05,0.722503,0.001128,0.023079,29.0
1,0.518581,0.004695,0.561576,0.001542,0.0302,28.0
2,0.702505,4.4e-05,0.72966,0.00065,0.020594,27.0
3,0.634343,0.000167,0.676827,0.001253,0.025727,30.0
4,0.6728,4.6e-05,0.732006,0.00119,0.024487,30.0
Mean,0.637898,0.001009,0.684514,0.001153,0.024817,28.8
