fold,accuracy,kappa,log_loss,macro_f1,weighted_f1,macro_precision,macro_recall,n_vals,note
0,0.5490196078431373,0.2816901408450704,0.8882824342125959,0.5973715651135006,0.4593435940684517,0.7587301587301587,0.7160493827160493,51,
1,0.56,0.2857142857142857,0.8443966218485219,0.6372759856630824,0.4767311827956989,0.8253968253968255,0.717948717948718,50,
2,0.5454545454545454,0.24978687127024723,0.9093202106382975,0.5488215488215488,0.4120752984389348,0.7666666666666666,0.6825396825396824,44,
3,0.5306122448979592,0.25215660252156613,0.9924682980731505,0.54475073313783,0.39527919085522767,0.7698412698412699,0.6805555555555557,49,
4,0.5925925925925926,0.3400000000000001,0.891057092382512,0.6161573288058856,0.5390256555366911,0.7040650406504065,0.7555555555555555,54,
