fold,accuracy,kappa,log_loss,macro_f1,weighted_f1,macro_precision,macro_recall,n_vals,note
0,1.0,1.0,0.0034591787488692446,0.3333333333333333,1.0,0.3333333333333333,0.3333333333333333,362,
1,1.0,1.0,0.002855391920468579,0.3333333333333333,1.0,0.3333333333333333,0.3333333333333333,360,
2,1.0,1.0,0.0046813337645772385,0.3333333333333333,1.0,0.3333333333333333,0.3333333333333333,363,
3,1.0,1.0,0.0024795513508777153,0.3333333333333333,1.0,0.3333333333333333,0.3333333333333333,343,
4,1.0,1.0,0.0026260963867252448,0.3333333333333333,1.0,0.3333333333333333,0.3333333333333333,356,
