fold,accuracy,kappa,log_loss,macro_f1,weighted_f1,macro_precision,macro_recall,n_vals,note
0,0.9090909090909091,0.46341463414634154,0.15950681131391406,0.48333333333333334,0.9295454545454546,0.4444444444444444,0.6349206349206349,22,
1,1.0,1.0,0.04478394759810822,0.3333333333333333,1.0,0.3333333333333333,0.3333333333333333,23,
2,0.96,0.647887323943662,0.2008182520703388,0.5484633569739953,0.9662411347517731,0.5,0.6527777777777778,25,
3,0.9655172413793104,0.6506024096385543,0.1255635200073483,0.5494949494949495,0.9709508881922676,0.5,0.6547619047619048,29,
4,0.92,0.46808510638297873,0.15449364249876812,0.4855072463768116,0.9382608695652175,0.4444444444444444,0.6388888888888888,25,
