fold,pearson,pearson_p_val,spearman,kendall,rmse,n_vals
0,0.9946906903547514,0.0,0.9207939477164407,0.8343990301510452,0.008461152546085003,363
1,0.996818982159326,0.0,0.9306772491419288,0.8493686549208905,0.007008232373491494,363
2,0.9978706310764816,0.0,0.9349492157127595,0.8587229951788878,0.005737219495279704,363
3,0.99686853550543,0.0,0.9228167512648519,0.8373981728882618,0.006941582647790663,364
4,0.9967600505629621,0.0,0.9333636543382181,0.8505937753323654,0.007040478644640328,364
