fold,split_name,target,pearson,r^2,pearson_p_val,spearman,kendall,rmse,n_vals,note
0,Xue_CAD_LNP_Xue_CAD_LNP_nan_in_vitro,toxicity,0.9979450699669177,0.9958943626712762,4.374300747448536e-139,0.9717673384818626,0.9088610977496737,0.0020787250406943815,117,
0,Lee_unsat_Lee_unsat_dendrimer_nan_in_vitro,toxicity,0.9891909828383498,0.9784988005287005,6.712538035066904e-51,0.9231553949907675,0.8319453877245454,0.005963861009343057,61,
0,Yu_Aminoglycoside_Siegwart_Amino_nan_in_vitro,toxicity,0.9999396674940192,0.9998793386280497,6.319591785742369e-84,0.7048608037355362,0.6091271959150919,0.0008661118097122305,44,
0,Zhang_Aminoglycoside_Zhang_Aminoglycoside_nan_in_vitro,toxicity,0.9999960781759104,0.9999921563672015,1.8122677618999148e-70,0.972402438532038,0.9284766908852591,0.0007285128798045959,29,
0,Farbiak_dendrimer_HeLa_Farbiak_dendrimer_HeLa_nan_in_vitro,toxicity,0.9977613508122241,0.9955277131746341,1.559304363902573e-41,0.9935482183419538,0.9670477111163462,0.010530554885453592,36,
0,Farbiak_dendrimer_igrov1_Farbiak_dendrimer_igrov1_nan_in_vitro,toxicity,0.9988016781978675,0.9976047923708764,3.822375289276561e-46,0.9838480621954229,0.9378921114620051,0.010462406947563398,36,
