fold,split_name,target,pearson,r^2,pearson_p_val,spearman,kendall,rmse,n_vals,note
2,Lee_unsat_Lee_unsat_dendrimer_nan_in_vitro,toxicity,0.9778708435991027,0.9562313867612208,9.723929012639355e-40,0.9319587651797536,0.8276127752025979,0.00852783262789356,58,
2,Xue_CAD_LNP_Xue_CAD_LNP_nan_in_vitro,toxicity,0.997232648077942,0.9944729543925445,4.713594305360484e-135,0.9507851406952803,0.874323742831247,0.002217777533583714,120,
2,Yu_Aminoglycoside_Siegwart_Amino_nan_in_vitro,toxicity,0.9999285906007422,0.9998571863007868,2.1773458495690347e-82,0.7048608037355362,0.6091271959150919,0.000871162380425088,44,
2,Zhang_Aminoglycoside_Zhang_Aminoglycoside_nan_in_vitro,toxicity,0.999994234307964,0.9999884686491711,3.293234713772631e-68,0.972402438532038,0.9284766908852591,0.000891242656683935,29,
2,Farbiak_dendrimer_HeLa_Farbiak_dendrimer_HeLa_nan_in_vitro,toxicity,0.9980454789351887,0.9960947780229702,1.5552042156736806e-42,0.9943232169522049,0.9670477111163462,0.009779665009707186,36,
2,Farbiak_dendrimer_igrov1_Farbiak_dendrimer_igrov1_nan_in_vitro,toxicity,0.9988317614524955,0.9976648876862949,2.4815287063306122e-46,0.9835869213693592,0.9345662529107215,0.010133255110966218,36,
