fold,pearson,pearson_p_val,spearman,mse,mae,n_vals
0,0.602036,0.0,0.55117,0.001634,0.031484,814.0
1,0.617318,0.0,0.553788,0.001451,0.029113,812.0
2,0.429415,0.0,0.452465,0.00238,0.041993,781.0
3,0.615563,0.0,0.529389,0.001417,0.029819,892.0
4,0.58806,0.0,0.496382,0.001479,0.029488,797.0
Mean,0.570478,0.0,0.516639,0.001672,0.032379,819.2
